Library		DNAbc Bulk	DNAbc Bulk	DNAbc Bulk	RNAbc Bulk	RNAbc Bulk	RNAbc Bulk
Replicate		Replicate 1	Replicate 2	Replicate 3	Replicate 1	Replicate 2	Replicate 3
SN_Identifier	Barcode						
SN1	AAAAGCAACAGATGTAACCACACCACAAGT	1259.761847511317	1284.243654184983	1311.113851457179	6288.615952058075	5676.60922169381	6588.734924268885
SN1	AAAAGGATACCAAAGAAAACAAATGTAAAA	2175.8334814381146	2197.2712893069315	2133.217671830329	8832.76542855273	10494.099448906962	10904.979440115612
SN1	AAAGCGTGATAACCGTCAAACGACCGCATC	935.6737373631773	1031.7621706310808	1031.8820366062987	6.289092807449769	22.450081845415166	14.760518179716344
SN1	AAATACTTTGGTCGATTGTCACAAGCTCCC	3875.9892528200894	4046.527560742268	3890.818942972926	25760.14213385734	25294.765368121127	28082.834234690585
SN1	AAATAGGTAAAATAAATTGGGACGCAATAG	2753.442129363428	2781.3906134208237	2666.1677346929227	17362.088877099664	17783.472763746253	18002.926376190706
SN1	AATAACTGTCCAAACCCTGAGCGCCGAAA	2801.7939845064975	2811.4154384920985	2793.7355688887565	12872.972219682493	11502.11734351224	11257.404055252344
SN1	ACATCCGAATCCAACACATCTCGAACTTCA	83.63564132855217	103.7221229734949	116.22847115620398	0.5488335640263747	0.44946262421519073	1.086346548273516
SN1	ACCAAGCCGGAAAACAGCCAAACGAGCTAC	1174.8193992870063	1190.0748846432573	1261.5041381587994	5335.130100456516	7823.2888136762485	5169.621460303587
SN1	ACCATTGGAAAGATTAGAGAGGAGTAAGAC	2019.0166539470795	2019.8518684312166	2041.0853471333382	20643.14188465091	19392.6872546287	21323.327357392704
SN1	ACGTAGGAAGTGCGCAGAAATCCCGTGCCG	1100.3314062287643	1105.4594685333009	1160.867291182086	8335.495227730209	8838.613357095692	9265.85493473092
SN1	ACTGAATAAAAGATATTAGAAAAAACAAAG	1592.997605929767	1484.8640762521375	1437.264265273059	8930.358832962469	8889.690750698814	9586.585820411672
SN1	ATTCAGACAAATGAATCGGGGCTGGACGT	2386.229391655254	2400.62124092602	2357.170091863015	12252.025524251669	11468.223251773346	13239.288140213335
SN1	CACGATTATGCCCAGGGAAGGGGAACGACC	352.83786185482944	350.74454742352884	403.9648082868065	94.71427751648602	134.44694805370295	120.16199875625391
SN1	GAGCGAACAAACTTCGAGGATTGAGATGAG	361.98551012513985	349.3797826475618	351.5202542285193	2078.48669059713	1496.7220633192574	1841.2970467375944
SN1	TAAATGCACCAAAAGCCTTGGTACGGAAAC	1664.8719851964916	1725.0626768223362	1720.7483412638003	9999.351656612725	8922.870312112032	8523.406043369989
SN1	TCCTTTATGGATATTAAGAAAGCTCTAAAA	4705.811631626818	4611.540177992622	4382.663814816862	28078.37911921858	25552.537945449872	27135.928025506175
SN100	ATGCGAATACCCCACACGCCGGAAAAGGAA	512.268303137382	515.8810853155404	436.56547702574176	346.2240061852283	523.4741363359587	217.87283551485515
SN100	GAGTGACCACCCCGCCCAACTAAGGGTAGG	2085.6638056307697	2150.869286924052	2124.713149550607	937.902577291826	1219.3460007651238	1187.1439887168945
SN100	TAACACAAAAAAGAGAATAAAAATGAAAAA	223.4639791747253	200.6204220671546	246.63114611194501	85.38410692803764	47.21662490793939	194.34394876693113
SN100	TTACGAAGAGGCTGATTGAAAGAAACTAG	4666.607424754059	4735.733772605622	4837.655756782002	2334.2521287049617	2408.0824443529254	2381.9096468677076
SN101	AAAGAAGCGATGCAGCAGCCTACAAGACGC	1668.7924058837673	1695.0378517510615	1742.009646963106	933.2869769910795	641.1987698323222	722.5497815719207
SN101	AGAAACACATAGGCGACTATCGGGAGCTCG	696.5280754393485	689.2062118633543	724.3018141563443	549.9402284259689	363.29257187526815	333.8446404420541
SN101	CAACTGAAATAAGAACATGCGACACACTAG	1189.194275140351	1138.2138231565098	1150.94534852241	583.338100387705	835.7354133387945	473.60398605724214
SN101	CAGCAGAAGGAAACATGTAGACATAGGGAC	1291.125213009524	1229.6530631463015	1251.5821954991234	891.6026179396994	641.5329856298156	670.2499548907529
SN101	CCCGCCACGACACCCACGATAGTGCAAGCC	2878.8955913562563	2889.2070307222198	3085.72416715922	1986.5075836292342	2587.164488395999	2261.7131609194453
SN101	CGAGCCCACAAGAGGATCGTAAGTCAGACC	1939.3014333058034	1947.5193353049635	2060.92923245269	974.368518849185	1447.4079461649803	1112.0136409259783
SN101	CTAGAGCTCGAGTCTATAACGAAGGAGAAT	2262.0827365581845	2201.3655836348325	2294.8035951450515	825.3107212225464	1508.0623510686867	1264.274593644314
SN101	CTTATCCCTCAGTATACAATGGACAAATCA	1982.426060865838	1907.9411568019193	2008.4846783944029	1172.5514190919546	2754.940818737659	982.1434976192802
SN101	GCTATAGGACAGAAAGTCAGACCGAAGATA	1372.1472405465588	1276.0550655291806	1379.1500296949569	1027.6143718312846	671.7276542309386	732.0682465663173
SN101	TAGCGCAGTTTTGCCGATCGAACAACTGAA	1262.3754613028343	1375.6828941747744	1319.6183737369013	1169.1684449923823	1688.6771779071603	962.4254455883156
SN101	TTGATGGATCTGAAGAAAAAAATCTGTAAA	1889.6427712669754	1755.087501893611	1702.3218763244022	1082.8666163671203	825.9394330674378	727.1451999070777
SN101	TTTAATGAAAGAACTACAAAACTCAACATC	1227.0916751173513	1281.5141246330488	1220.3989471401417	650.7906451337007	806.6471142742012	815.0961613272217
SN103	AAAAAGTCACACTAATCGAAGATCATCATT	1298.9660543840757	1241.9359461300048	1187.7982784012065	416.1418033335719	379.8304915098527	475.62148678975007
SN103	ACCATCACCAACATAATAACACATTATCTA	816.7543098491423	833.8712781158604	836.2780241726872	410.7524376802637	226.9210018153104	394.7662651253927
SN103	ATCATTACTATCCAACAATAACGTACGAAT	3188.608825651051	3177.172398451265	3432.9921602478785	1695.9676910138294	1813.6623614869998	1577.8752523772712
SN103	CGAGAGCTAAGAGTTACGCTGAACGAATGT	1995.4941298234241	2156.3283460279204	2218.2628946275518	1362.5647967751188	1597.7474316236255	1749.0093209223585
SN103	CGAGCAGGCACCCAAACTGAACTGGAAGAA	1140.842419997282	1180.521531211488	1233.155730559725	647.8935236973647	630.7574073313232	661.0849836144454
SN103	CGGTAAGAAACAGTTTTAAAAGTCGCAGTA	1278.0571440519377	1277.4198303051478	1250.1647751191697	821.5318671751517	1080.72711758409	786.0579456559105
SN103	CTAAGGTACAGGTTTATCCCACCCAGTCGG	1873.961088517872	1865.6334487469412	1783.1148379817635	1039.823669312986	1019.1968367972976	776.4101536914815
SN103	GACGCTTGCCCAATGGCACTGGCGAAGCAA	3497.0152530500873	3706.701131526476	3872.392478033528	2157.5007292738446	1912.359743891587	2220.8372165911537
SN103	TCGAAAAAGATCCGTTGTCTGTACAAGGTT	1727.5987161929056	1790.571386068754	1790.201939881532	1085.0979397093913	748.2169731262263	792.4811851675278
SN105	ATCTTGAATAACCAAGCGAAGAGGCGGTCG	901.696758073453	915.7571646738826	946.8368138090763	1165.461569117319	1046.3144151249473	1129.9556025684958
SN105	ATGCTTACACATAAGCTTGCTAGAAAGTAA	573.6882272380375	645.533739032409	640.6740117390756	786.2895545474253	545.8781194506852	683.4585494300785
SN105	CAAATAAATAACATAACCCAGACTCGGAGT	4036.7265009984003	3967.37120373618	3798.686618275935	5161.131866117073	4652.894709289015	5551.765413153801
SN105	GGCACAGCAACAAGGCAGCCCAATTCCCAC	1462.3169163539042	1457.5687807327968	1503.8830231308832	2588.4970279222944	2399.0816671859498	2143.01686782356
SN105	GTTTAAATAACTTAACCCTGGGATAACAAA	318.8608825651051	326.1787814561221	340.1808911888897	238.76059489455585	335.6909568753865	720.4288192633867
SN105	TTCAACTAACGAGTTAAACCTCAGAAAACA	194.71422746803552	191.06706863538534	204.10853471333382	98.67307699470905	65.79441337550061	147.8293485452199
SN105	TTGTGAACATACACACCTGGAACTGCGCGC	1982.426060865838	2085.3605776776344	2168.6531813291717	3793.4206300202636	4903.418261216959	3984.5035941172023
SN106	ATGTTACATGATAGTACCGATCAAAATAAA	2089.5842263180452	2101.737754989239	2116.208627270885	841.3798481955154	688.1503270388014	769.2540613496797
SN106	CCCTCTACCATGAAATAAATACAATAAACC	1323.7953854034897	1289.702713288851	1319.6183737369013	741.9330058482445	687.1592043289935	533.4220205963029
SN106	GCACGAAAACGTTCAGCATCATTATGATAT	1599.5316404085602	1576.3033162419292	1620.1114942870872	955.7621613015367	886.5707886057997	701.8402227707065
SN106	GGCCCGTCCGAGAAATTTCCGAGGCCCCAG	1455.7828818751111	1386.6010123825108	1505.3004435108369	1384.023289401396	889.3597618124684	732.611419840454
SN106	GTTTAGAAAAATCATCGAAATAATTACTGG	2712.931115594911	2601.241662993175	2739.8735944505156	1446.5273347996126	1291.744057311786	1515.0482103354527
SN106	TACCACGATCCGGTAGCAGATGAGGCGATA	1684.474088632871	1772.8294439811825	1766.105793422319	13.252980980505738	10.867775759869868	18.838628634743113
SN106	TGAAAAACCACCTGTGGGACTGTCCCCAGC	2729.919605239773	2726.8000223821423	2569.783148856071	1593.371803627063	1454.7722183925061	1418.0357392150274
SN107	AAAGGAACCGTCCCTAGCTGACGATTCCAG	3798.88764597033	3754.467898685322	4049.570025527741	1305.8639915211152	1243.7322292994659	1245.4445868075732
SN107	AACCTGAAAAAGAGCAGCACCTAACAAAAT	2255.548702079391	2325.559178247833	2168.6531813291717	962.9419839915867	1211.4054944039885	762.4255973319605
SN107	AAGAGCTGATGGCCAGCGTGCAAAAGTGGG	2101.345488379873	2149.504522148085	2255.115824506348	1343.7874910681835	1420.6130589521517	1203.5685139110296
SN107	AGGTACTCACCTCTAGCTCACCGTCGCAG	727.8914409375556	751.985391557838	768.2418459349092	321.0496404123464	179.50845730194385	304.7029631947169
SN107	CAAATCTGAACTATTTCTGAAACAAAGCAC	109.77177924372471	139.2060071486379	123.31557305597251	32.62410660917434	25.423449974838736	2.293398268577423
SN107	CCAATCCCAAGAATAAGTCAAAATAACCCA	436.4735031833816	421.7123157738148	435.1480566457881	240.16416925501673	280.22265917416314	212.07036545939422
SN107	CGAGGAAAAAAGCCCCTTAGGTATCCAAAC	748.8003512696936	731.5139199183325	691.7011454174091	355.0143404811917	298.3279356521648	485.52793269424427
SN107	GCGAAATAAACGAAGTCAAAGAGTTAAAAC	1551.1797852654909	1554.4670798264565	1492.5436600912535	982.9879049858614	844.0331848627673	1055.644325587786
SN107	GGCATATTATTCACCCCCGGACGACACCT	2366.6272882188746	2261.415233777382	2447.884996180052	914.3297258533161	1188.736443587802	1301.5207610136918
SN107	TATTACTTCAACAAAGCTCACTAACCGCAA	573.6882272380375	571.836441130189	602.4036614803255	198.55178837596785	272.6278932931936	239.90152941040145
SN107	TCCTAGAGGGTAGTTAGAAAGGTAAATATT	3642.0708184792948	3776.3041351007946	3620.0916504017678	1822.4333397999724	1117.7443983271462	1576.0991619888239
SN107	TCGTACAGCCTAAATGGCATCTAACAACGG	2187.5947434999425	2215.013231394503	2276.3771302056534	1021.4602380969561	1072.671364396233	1228.5889717133293
SN108	AGGGATAATGAAATTGCGAGCAAGTCGAAA	622.0400823811067	612.7793844092001	595.3165595805569	1549.6450639357813	1416.6831421609368	1799.9727689131898
SN108	CTTATCCCGGACCAATACGAGAGTTTTGCG	1152.6036820591096	1082.2584673418612	1116.9272594035212	3170.2516085187103	3565.725294091174	2482.0173434709122
SN108	GAAGACTGGGACTAAAGCCAGAAGAGACAC	750.1071581654522	828.4122190119922	776.7463682146315	1947.2434906224948	1481.2213651251693	1840.2279437853251
SN109	TACGCTGCCATGAAAGATCCTATGCGTACA	488.7457790137267	442.1837874133204	514.5235979231957	664.3495333466145	570.9788783107028	603.0430394638317
SN11	AAGAATACGCTGTCGTAAGAATGGGAGAAT	682.1531995860036	704.2186243989917	751.2328013754648	324.2706636241733	715.0143623476631	308.13443879958083
SN11	ACGCAAATGGGGAATAGAGCGTGGGCAAAC	324.0881101481396	317.9901928003199	345.85057270870453	3.2750068410754167	7.467994371575476	5.6041687014109955
SN110	AGAGCTAGGATAAGCACACTAAAACAATGA	1655.7243369261812	1677.29590966349	1710.8263986041245	2123.3650810457125	1207.1298371326081	1848.2117287353353
SN110	AGGAGAATAAGACGGAGAATCATTAAAGAT	682.1531995860036	616.8736787371013	669.0224193381497	464.47514605405854	450.23477795422707	545.6046211733701
SN110	ATAGGCGGACCGCTTTGAGAGTAATCAAGC	952.6622270080395	878.9085157227726	936.9148711494004	813.3713418870874	699.2946951828037	426.82211009746356
SN110	CCTTAACCTCGAATCGAAGCTATATAATAT	803.6862408915559	747.8910972299369	724.3018141563443	542.7514084643775	515.67192616689	543.2163831267688
SN110	GGCACTAGGTCAATAGCTAACAGTAGAAAA	1559.0206266400426	1491.6879001319728	1600.2676089677352	1022.9087988151241	893.266629238339	1396.4467570175918
SN110	GTATACCGCCGCCCATCAACCTTGATCAGC	568.460999655003	573.201205906156	571.220413121344	516.7942800673925	545.175113807682	428.210219575813
SN110	TATACGAAAAATCACAAAAAAAACAGTTCA	60.11311720489687	72.33253312625303	46.77487253847233	63.75466614247363	23.61407479530579	7.414746281866855
SN110	TCTAACTTAATTATTACATAAGCATGAAAT	466.53006178583	488.58578979619966	498.9319737437049			0.21554495005426905
SN110	TGGATGAGATACACGCTACGAAAATATGAA	1398.2833784617314	1408.4372487979833	1484.0391378115312	1573.2359099173739	1468.5557388684388	2083.992038700699
SN111	AAGATCCGAAACAATTCAGCACCCATAAGC	2718.1583431779454	2808.6859089401646	2779.5613650892196	1606.309880103619	1361.6758317666008	1722.6524844297226
SN111	AAGTCAGCCCTGTACGACCAATGCGCCCGA	283.57709637962216	297.5187211608143	313.24990396976926	370.97550019566364	341.97190893172706	85.96794787964467
SN111	AATAAGAAATAAGCCTTCTAAGAATTGGAA	876.8674270540391	788.8340405089481	759.737323655187	406.7846409304993	536.3011081501	352.51945491475595
SN111	AGAATAAAAACCCCAATTAAAACATCAGAC	1262.3754613028343	1164.1443538998835	1166.5369727019008	439.4627311689221	586.3758543607411	738.3794027039062
SN111	AGACCTCGGAAGTCCGAAACCCGCAGAAA	2252.935088287874	2335.1125316796024	2386.9359198420425	1292.4220678382399	1402.5193071568222	2248.314886824072
SN111	AGGAGTAACAACTAAATACTGAAGAAAATC	1089.8769510626953	1109.5537628612021	1119.7621001634286	1030.3945287375823	576.7757936948116	456.8432107410222
SN111	ATATATATTTGTACTGCACCAGCAGATAT	1552.4865921612495	1473.9459580444013	1413.168118813846	1734.269075965637	906.1973231965297	932.7750822588504
SN111	CACAAGCCGGCTAGTTTTCAAAAGAGGATT	560.6201582804512	600.4965014254968	630.7520690793997	343.49783290817925	215.82273240199683	153.58008781266778
SN111	CATAAAAACAAGCGGGCCAGGGATGAAACG	2952.0767775187396	3152.6066324838584	3037.5318742407944	1293.7986503840764	1071.3921246196207	1657.5751531093376
SN111	GGTACATAACCAGTGAAATATGACAGACCC	75.7947999540004	80.52112178205526	86.46264317717613	169.9854512319721	30.863100196109762	31.926518002038332
SN111	TAATAAAACATTCATAATAGGCAACGTACC	2013.789426364045	2030.7699866389528	2055.2595509328753	790.5542612580565	859.5108336915108	839.3234137133215
SN111	TCTGATCAAAAGGCATCTGAAAACCAAAAA	2152.3109573144598	2135.856874388415	2025.4937229538473	730.5334628052705	662.2774144397474	615.5791337589881
SN111	TTTACAACCCACACCCGGGAAACGAACTCA	368.51954460393296	414.8884918939796	445.069999305464	255.0006700268117	247.273591414388	302.0215840160418
SN112	AAACTACCTGAAGCAGTCCGGCTGCCGTGA	948.7418063207635	1049.5041127186523	1095.6659537042156	31.39148040800035	35.761090331788125	28.29674104312444
SN112	AACACGGCTACGATAGGAGCATGAAAAAAA	101.93093786917295	102.35735819752786	97.8020062168058	21.026623592289145	61.703151026875155	10.889330876741672
SN112	ATACAAAAACGGATAGCGACCATAGCAGCT	1694.92854379894	1678.660674439457	1778.8625768419024	782.1238178237497	930.779471336299	887.4416683634365
SN112	CATTACAATTACACGACCCAGTAAATCGGT	3921.7274941716414	3975.5597923919822	3919.167350572	2320.1444069280215	2510.1565587804625	2276.361595725133
SN112	CCTCACTAACATAAAGTAAGTAATACTCAC	1811.2343575214577	1669.1073210076877	1639.955379606439	1045.9778030473146	890.7311990504584	542.9059983986907
SN112	GCCTTCAGCAAGGTCTATTGCAGGAGCGAC	1134.3083855184886	1094.5413503255647	1234.573150939679	887.7877748061389	555.4436060685982	1024.6144745779734
SN112	TCCCGGTGATTTAAACAACGAACGTAAAAG	1721.0646817141126	1815.1371520361608	1802.9587233011155	1189.7272104645178	1366.1128345953916	872.9915349117983
SN112	TGAATATAAAAAATTTAAGCTGTACCGATA	1263.6822681985927	1176.4272368835868	1180.7111765014379	500.3022813319769	571.993050385855	421.71800568017846
SN113	CTTTTCGAACCACGTGCCCCTTAGACGAGC	3468.2655013433973	3506.080709459321	3668.283943320194	9059.280736879418	9766.546231811963	8824.056761503685
SN114	AGAACTAGAGAACGATACCGACGGGATACC	1314.6477371331794	1340.1990099996315	1299.7744884175493	1114.9238948691852	695.0997106901285	1326.9981741101062
SN114	AGCCAGACCGTGGAACCGTCACAGCGAAC	1731.5191368801816	1682.7549687673582	1744.8444877230133	1673.0876294840084	1282.190095376545	1950.1989773030134
SN114	AGCTGAAAAAGACTACAAAATCCGAAAAAT	591.9835237786583	648.2632685843431	630.7520690793997	321.03164586926357	258.648453211834	670.9569423269309
SN116	AACAGCCACCCCTCGCGCGCCGCAGAAGAA	1510.6687714969735	1517.6184308753466	1557.744997569124	1462.8393881041998	1424.6812719354327	1149.7426289834775
SN116	CTCGCTGGTTAGGCGGCTGCCATCCTTAAC	852.0380960346251	851.6132202034319	928.4103488696782	262.18948998840307	197.51001163589586	327.01617642433484
SN116	GAAAGCCAGCCCGACGTGCCAGCCGCCAGG	6698.692147658725	7042.186243989917	7199.0781097848785	7408.551327175828	9241.562362045946	6779.414608884894
SN117	AATACAAAGGATCTCTGGTAAAATAAAAAC	1042.8319028153849	1067.2460548062238	941.1671322892615	1035.1630826545327	633.5809545860084	904.9008093178323
SN117	GCAACAACTATGACAACAGTTGAGGCGCAG	640.3353789217275	666.0052106719146	677.526941617872	479.9954394630011	456.4120078665179	482.7086047475344
SN117	TCCCTGCTGAAATCAGCGACCCAGACCTG	384.2012273530365	334.36737011192434	323.1718466294452	31.544434024204424	83.40412849859834	16.15724945606801
SN118	ATCATAAGCGACGTAGCTGGCACGCAGAAG	420.79182043427807	479.0324363644304	489.0100310840289	118.44008257119995	42.595227156393456	81.01903582639865
SN118	GGCGCCAAACACCTGCCGGAGGGCTTACCC	3379.4026324318106	3424.1948229012987	3465.592828986814	3886.407431400798	2982.161462302446	2251.108349376775
SN118	TAAATATTCCATTAAGAAGCTGTCGGATAA	367.21273770817436	357.568371303364	313.24990396976926	199.01964649612145	245.74080861898747	227.96033917739493
SN118	TCAGAAAATAACAATTCTAAAAGCCAACAT	879.4810408455563	862.5313384111681	816.4341388533353	503.72124451771504	435.5869062778807	727.1451999070777
SN12	CCAGAGGGCCATGTTTCGGGACATCAAAGA	4679.675493711645	4672.954592911139	4667.565311187557	2991.3318666461123	2761.498363178132	3285.198179959134
SN121	AGGCAACTGGCTAATTGCTGCCGCACAAAA	1625.6677783237326	1712.779793838633	1717.913500503893	1449.478439865197	1387.0877570587672	1029.2616237011434
SN121	CACAAAACACTGAATGCCGAGAAAAGTTAA	1406.1242198362831	1389.330541934445	1493.9610804712072	85.62703325965587	114.9356602896948	122.79164714691599
SN121	CACAAATAAAACTTCCCACGCTTCGTGACG	723.9710202502797	721.9605664865632	773.911527454724	418.5350775635885	308.8614956145413	379.85917637963945
SN121	GAAGATGAAATTATTATAGGTACACATTCC	2305.207364118219	2242.3085269138437	2145.9744552499124	1517.110930042021	1297.8406144453716	1083.570329316817
SN121	TAAAAAATAACTAACAGAAGTAAATAACGA	393.3488756233469	327.54354623208917	350.10283384856564	415.2600707225131	173.45799889904706	237.3753425957654
SN122	AAAAGCACATAATGATTAACGCAATATAAT	492.6661997010026	554.0944990426175	515.9410183031493	281.94749829335257	227.63553214098582	201.09481660263086
SN122	AAACGCAAAAAGATCAAAACGAACGCAATA	543.6316686355891	533.6230274031119	540.0371647623624	374.00758070512086	223.1524305815061	281.40686499285147
SN122	AATAAAAAGCGGCTTTCACAACTCAAACCT	1591.6907990340083	1498.511724011808	1373.4803481751421	1238.420444046661	938.4549099959738	856.1962724035697
SN122	AGTACTTAGAGCAACATTATGCCGAGTTGG	569.7678065507616	626.4270321688705	660.5178970584275	35.791146191752766	42.249486676227924	31.874787214025307
SN122	CAGGGAGCCTATGACCATCGCGTTACGAAA	2797.8735638192215	2833.251674907571	2970.91311638297	29.34010249655751	26.287801175252564	13.156863751312583
SN122	CAGTGAGGGAGGAAAAAACAATGGGCTATA	202.55506884258727	237.46907101826466	260.8053499114821	144.97303634683567	185.0979283979533	195.447538911209
SN122	GATACATCAATGCAAGAGGGCGGGAGAGAA	300.56558602448433	313.89589847241876	270.72729257115805	204.31004216247405	255.37544333293363	148.04489349527415
SN122	GGAAAAACCCTAATTAACATCAACCTAGGC	1428.3399370641798	1499.876488787775	1479.7868766716701	689.0470437278013	1100.98750972179	820.4416760885675
SN122	TAAAAAGGGACAATTAAATCAAACAAATCC	1182.660240661558	1127.2957049487736	1210.477004480466	852.7613966954066	739.9883496982867	968.6331401498786
SN122	TCTAAGTACTAAACAAAAAATTGGAAGTCG	2893.2704672096015	2894.666089826088	2922.720823464544	26.955825538082273	12.665626256730631	19.830135404992753
SN122	TGCGCGTCACCCGTATCGCGACCCAAAGAA	1040.2182890238676	1112.2832924131362	1081.4917499046785	828.0908781288439	1390.694982735161	880.6132043457172
SN123	AGCAAGAAAAGAAACATCATTTACAACAGA	492.6661997010026	458.5609647249248	479.088088424353	2502.312163827071	5284.13615329257	3439.278332055928
SN123	TCATCAAAGAAAATAGTATCACAAAAAGAA	84.9424482243108	62.77917969448376	72.28843937763907	935.6442621349305	403.23712201705916	1123.765151602937
SN123	TCCAGCAGAACAAAAAACGCAACAAAACGT	367.21273770817436	352.10931219949583	335.9286300490286	2275.517940082598	1621.718771581769	1463.213960746402
SN123	TGCCTGTGAAATACTCTGGGAGGATATGCT	1212.7167992640063	1246.0302404579058	1305.4441699373642	7288.590705714129	8263.935055647218	7569.930024107926
SN124	AAAAGAATAATAAATACCGGCTGGGAACAA	1251.921006136765	1205.0872971788947	1053.1433423056044	1325.7119725414789	1384.759771158986	576.9103697192522
SN124	ACAATCACCGAAGCTGAGAGAGACATACAG	4132.123404388781	4342.6815171271155	4342.976044178158	2186.2200200340444	2441.1698083047672	2108.1589385007837
SN124	ACTAAATACCCACTCTGAAACTAAAACTAG	5238.988845096338	5509.555400578934	5097.043686313531	3354.13784428217	2927.0965284947492	2776.4258798510373
SN124	ATGACAATACACATAAACAGATGCCCAAAT	2428.04721231953	2339.2068260075034	2361.4223530028758	1475.1476555728568	1736.6198578234473	1139.1723046328163
SN124	CATAGCAGCGTCCGTGCATTCGAGGACACC	5859.722120581686	5789.332179652176	6141.682506339413	3588.8046806253815	3117.03482361502	3271.127405619591
SN124	CCAACCATCTCAACAGTCGGATGATAACAA	955.2758407995567	896.650457810344	919.9058265899558	427.65831090658435	474.2637413257315	510.29835835448085
SN124	CTCCCGAAGGTCCCCTACTCGACATGTAGA	869.0265856794873	854.342749755366	919.9058265899558	1258.2864196101075	649.6117881830168	605.2329761563832
SN125	ATGGCATGAAATGGGCGACCAGAGACACTC	1331.6362267780414	1304.7151258244885	1364.9758258954198	3934.9567086382785	3719.9485976103456	4896.845015110908
SN125	TGAAAATTAATCTCCGAAACCAGGACAAAA	2127.4816262950458	2123.5739914047113	1994.3104745948658	5475.469541959523	5082.984341932264	4614.705297287872
SN127	ACTGAACACGATATCCGCCATACATAACCT	739.6527029993832	762.9035097655743	789.5031516342149	3768.876073255281	4014.934375287577	4458.840433004629
SN127	CATATCTTGGTATTGAGAATATAGTTCGGG	3050.087294700637	2972.4576820562093	2873.111110166164	17798.0786614536	18642.70700505363	17054.588948537938
SN127	TACCTATTAGTCCCCCGGGATTGAACAATC	1036.2978683365916	1037.221229734949	1034.716877366206	5677.404304435063	5945.68751272397	5499.61215703867
SN127	TTAAGAGGCGGGTATAAATGGGAGAAAGAT	1881.8019298924237	2010.2985149994472	1946.1181816764397	8764.791042057332	10035.463177284711	7487.402173631148
SN127	TTCTTCAACCGCTGGACGACGGTTAATTAC	3021.337542993947	2950.6214456407365	3007.7660462617664	55.558151768243675	52.58712703317732	48.04065846809549
SN128	AAATTTCACAATGTCACCAGCATACTACGG	1943.221853993079	1912.0354511298206	1997.1453153547732	4.5796112145807335	5.243730615843892	29.339978601387102
SN128	AATGAAAGAAAACAATTTCGAATAACAATA	995.7868545680742	899.3799873622781	924.158087729817	478.91576687803115	633.684676730058	767.8142210833172
SN128	ACAAAAAGAACCCGCGCGACGATGATCCCT	139.82833784617316	128.28788894090158	131.82009533569476	140.43841148996202	118.20867016859516	75.13034779091602
SN128	ACAACCAATCGCGGGGCCGCGTAGACTCAG	2038.618757383459	2235.4847030340084	2155.8963979095884	1260.805655641704	1810.4008762907717	1043.6082955767556
SN128	ACATGCAATTCAACCAATCTTGCAGAAAAA	1846.5181437069407	1831.5143293477652	1571.919201368661	294.5436784513349	278.3902346292858	435.28871573559525
SN128	AGAAATAAACTCTAAATTCGATGAAAGCAA	2503.84201227353	2317.3705895920307	2419.536588580978	2195.5861797086586	2126.880187151627	1130.7315643886911
SN128	AGGGGGACCAGGACCCCATAGACAGAGGAA	1048.0591303984193	1124.5661753968395	1095.6659537042156	68.47823370171702	63.08611294753728	101.91827418366057
SN128	CATAATACAACCCGACGTTGAAGGACGATA	1402.2037991490074	1334.7399508957633	1338.0448386762994	665.1592877853419	793.9699633347983	1086.553471425568
SN128	CATGAATTAGAGATCGTTCCAAAAACGGGA	1660.9515645092156	1652.7301436960834	1656.9644241658834	1078.080067907087	1174.422787708949	591.9726508290445
SN128	CCTGTTAAAACGACTATCATCAGAAATACA	1186.5806613488337	1232.3825926982354	1206.2247433406046	783.9682584897399	569.9186075048618	489.42498539122545
SN128	GAAAACGAGAGGATTACAATAACAGTAGAA	3097.132342947947	2909.6785023617254	2965.243434863155	2174.829474262612	2344.834985847978	2751.526127220768
SN128	GTTAAAAGCAAAAAAATCCGACCCCATCCA	905.6171787607288	922.5809885537178	909.98388393028	557.7228683092937	1095.9396987113735	531.4476288538058
SN128	TATAGCAACTATGACTCATAAGATGGCGCC	773.6296822891074	784.7397461810469	768.2418459349092	406.45174188346687	403.19102328637047	436.1508955358123
SN128	TGATGAGCCTCTGTAAAGAACACTACGCCT	1449.2488473963178	1487.5936058040716	1513.8049657905592	940.9886414305316	1334.1548895454243	832.7622254336695
SN128	TTTAAATTTCTAACTATTAAAAACAAAGCA	785.3909443509351	768.3625688694425	712.9624511167146	280.3009976012734	416.32916153266063	489.4767161792385
SN129	AACATAGAAAAAACTACGAACGGAAAAGCT	1808.6207437299406	1781.0180326369848	1647.0424815062077	1224.7265967606259	1111.048557694607	1078.3541415255038
SN129	AAGCATAGAACAGAGAAAAACAAAAAAAAG	1100.3314062287643	996.2782864559379	997.8639474874097	442.0449481013085	315.7763052178519	389.57594272808586
SN129	CGAAACAATATGAACCCGATATAAAGTACT	385.5080342487951	379.40460771883664	367.1118784080101	248.49564270236795	273.0312571867201	216.98479032063156
SN129	GGCCATAGCTAAACTTGAAGCATTATCGC	1747.200819629285	1749.628442789743	1868.1600607789858	667.7235101746455	494.74310243420314	891.3387210604177
SN129	GTCCAATGAATGAGCCTAGATAATAATTAC	1072.8884614178332	1046.7745831667182	966.6806991284282	389.83378134647154	484.5783323173365	597.3698963784034
SN129	TAAGCACTATAGTTCACCAGGGTGGGGTGT	1133.00157862273	1097.2708798774986	1183.5460172613455	19.614051960286837	27.232825154371685	12.036030011030384
SN14	ACAGAGAAAAACTAAAAACGTACGAGCTAT	2033.3915298004245	1940.6955114251284	1930.526557496949	1511.316687169349	1767.7710750863616	1783.4275385470241
SN15	AAGAGGACTCTTCAAGTCCAAATATTCAAC	2759.9761638422215	2677.668490447329	2732.786492550747	3247.142291111651	3152.2312044958708	3200.118277273713
SN15	ACATAAGAATAGCTGAGACTGAATATACGC	223.4639791747253	171.9603617718468	205.52595509328754	414.9631607616464	265.1368495562738	205.99199786786383
SN15	AGACTAAAAACGTTATTCCAAAATAGCAAC	2770.4306190082903	2852.3583817711096	2788.0658873689417	3707.757607674442	4756.755149530741	4513.106029630292
SN15	ATAACTAACGACACAATCAAGGCTGGGAAA	1442.7148129175248	1435.7325443173243	1442.9339467928737	2508.0344285274114	2783.8216735141527	2242.8400450926933
SN15	CAATTCCTGGACACCCGCTGACGAGGCTGC	507.04107555434746	506.32773188377115	523.0281202029179	27.38769457207024	30.22924264913962	34.39235223065917
SN15	CATAATAAATATTAAAAGCAAAGAATAACA	846.8108684515906	828.4122190119922	751.2328013754648	2525.462143503134	1678.5700312036545	2354.4837074228026
SN15	CATAGCCTATACGCAGGACTGATGCCGAGC	1293.7388268010413	1252.854064337741	1298.3570680375956	2922.6736875135666	2454.227273772352	3157.25069760692
SN15	CTGTATCGGTCGAATCAAAAAATGTTCCAC	152.89640680375942	139.2060071486379	153.08140103500037	267.4618911116728	309.65669871892203	167.79743271824736
SN15	GTGAATAAACCACATCACCGGAATGTCACG	1076.8088821051092	1128.6604697247406	1111.2575778837063	2329.5285611457184	2244.524147869285	2013.2070771028773
SN15	TCTGCCCACATACAATAGTAGCGTACCCGC	4462.745549015713	4622.458296200359	4768.20215816427	11736.130971338418	11714.378948968531	11404.319493209334
SN15	TTAAATAATTCACACGGCATAAATTATCAC	594.5971375701755	619.6032082890354	606.6559226201866	533.8621041814586	714.6916712328419	572.9874516282645
SN16	ATAAGGACAGAAACTCCTATATCTGTCATA	2468.5582260880474	2445.6584785329323	2395.440442121765	1387.4152607725098	1305.804170171851	1703.796612198975
SN16	CCAGAAGGTAAACCACCAAGGCCGACGAAC	1828.22284716632	1998.015632015744	2015.5717802941715	0.7377762663961103	0.9565486617913034	26.805169988748897
SN16	TCAAAAAAAAAGGGAAATCTAAGGGGTAAA	2714.2379224906695	2550.7453662823946	2372.7617160425057	1261.975300942088	1430.7778290690183	1102.158925809497
SN17	AGACCAATGAAAAATGAATAAAAAAACATG	269.2022205262773	236.1043062422976	252.30082763175986	159.7825453040064	333.46669311965496	523.5500618838173
SN18	AATAACGCAACTAAACTCAGGACATGTGTA	771.0160684975903	801.1169234926514	817.851559233289	2591.5471029748346	2843.9459430149386	3251.46108437664
SN18	AATTATGTATGATAAAGAGCGACCCACATA	1055.899971772971	1067.2460548062238	1006.368469767132	3423.6597614826915	3442.7915040269836	4431.336897377704
SN18	AGTGAGAGAATGAGATGTCAGGGTGACCAG	678.2327788987277	679.6528584315851	749.8153809955111	2119.4692624682793	2125.3589290388986	2816.189612237049
SN18	ATCCGGCCCACATTTCAGCACGGGATCAGC	1356.4655577974554	1426.1791908855548	1403.24617615417	4465.570797793286	5343.5804665156975	5404.298180124672
SN18	CACGCGAGGAATTAGGCTTCTAGATGCTAC	1210.103185472489	1286.973183736917	1294.1048068977345	3514.757135839528	4355.477223567953	4784.25295500056
SN18	CAGCAAAAACGAGAACGCGCACCAACTGAT	1300.2728612798344	1278.7845950811147	1343.7145201961143	5024.616265019168	4523.230504544269	3524.4358309233685
SN18	GATATGCACATAAGCAAACCTCGCAGGGTA	1830.8364609578373	1839.7029180035674	1919.1871944573193	3635.6084871838275	3563.074617076572	3774.4162421983074
SN18	GGTGTGAAACTAACACCCGAACTACAATA	1830.8364609578373	1720.9683824944352	1805.7935640610228	8657.65153254215	8416.637101053662	8039.317950942107
SN19	AAAATAAATTTATAAAAGAAATGGGACATT	424.712241121554	379.40460771883664	314.66732434972295	466.86842028407517	260.6767973621384	170.08220918882262
SN19	AAATCGAGCAAGAAAACTAACAAAACCACG	2229.4125641642186	2223.2018200503053	2164.4009201893105	1119.089631592861	918.5402583384392	769.1850869656623
SN19	ACTTTAGACATTAACAGACGATCCCATGAA	2458.1037709219786	2426.551771669394	2388.3533402219964	1436.3154316001055	2127.9750320054845	1938.326761454024
SN19	ATTCGGATCTAAAAAATTACGGATCCGCGA	2128.7884331908044	2077.1719890218324	1933.3613982568563	1524.3267418182365	1056.9632219140458	1691.1139473377818
SN19	GAAAAAACCACTTTTAAACAAACTAAAGAA	3683.8886391435713	3568.859889153805	3329.520472511258	1895.5451683455185	1423.8514947830354	2773.4082505502774
SN19	GAAAGAAAAATAAATAAAGCAACCATACCG	1393.056150878697	1303.3503610485216	1318.2009533569476	1025.7429393506702	751.8126741199478	1020.553607718951
SN2	AAAGCGAATACGGGCAGATATCAGAACTGA	968.343909757143	1007.1964046636742	883.0528967111595	1.808451579824612	1.890047958238238	2.9831421087510837
SN2	AAATTAAGTTCAAACACTAGGAAATGTGAA	1197.035116514903	1217.370180162598	1163.7021319419935	567.5298942894372	610.6007373376727	578.263992005593
SN2	AACAGTCCACGTATTCTGACGAAGATCCTA	1383.9085026083865	1393.424836262346	1406.0810169140773	745.5409117363523	713.1473637547692	863.1540633913215
SN2	AAGAAGTCACCGGAAAACCCAGAGCGTTCG	182.95296540620785	210.17377549892387	216.86531813291717	61.88323366185911	73.7003456886191	92.84814268537693
SN2	AAGCAAAATTCAGATTACAGAATTTGGACA	701.755303022383	650.9927981362772	659.1004766784738	409.14192607435024	326.25224176686754	639.7374117610706
SN2	ACATTAGGGAAATTCCCTCCTAAACATACT	1629.5881990110086	1643.176790264314	1698.0696151845411	805.4627402021828	747.6407389926171	841.7116517599228
SN2	ACTGACGATTAACATGCAAGGTTCCAGTC	908.2307925522462	866.6256327390693	961.0110176086134	12.524201985651043	18.865905534365826	10.716894916698257
SN2	AGAAAAAACTCTTTTTCCTTAAGAACACCT	4929.275610801543	4797.148187524139	4861.751903241216	1184.08592120805	1570.952544410797	1076.853948673126
SN2	AGAGGGGGCACTGCGTTACGGCCCCAAACA	3355.8801083081557	3489.7035321477165	3578.9864593831103	1607.911394437991	1639.916245521148	2314.375103116704
SN2	AGCAAATGCAAGAAACCGACGCATCCATAT	818.0611167449008	807.9407473724866	785.2508904943537	286.2571913616908	414.0703237289125	325.4297655919354
SN2	AGTACGTTTAGTAGTACCGGCAGACCAAAA	3112.814025697051	3179.901928003199	3183.5261733760262	2126.33418065438	1777.8090736938343	1353.3205234107336
SN2	ATATCTCCACTGTAAATAAAATGTACATCA	1319.8749647162138	1232.3825926982354	1288.4351253779198	853.4721811471784	752.3312848401962	615.0187168888469
SN2	CAAAGTAGATGATTCCGAGAGACACCAAAT	636.4149582344517	589.5783832177605	637.8391709791682	422.3499206971489	236.98204978812734	353.3212821289578
SN2	CAGAGCCCCGGTGCATCATTGATCCCAAAC	1530.2708749333528	1506.7003126676102	1488.2913989513925	943.6428365352493	998.4293586220214	530.6371798416017
SN2	CCCTAATATATCTGAACCGAACTGCCGAAA	1821.6888126875267	1861.5391544190402	1805.7935640610228	705.7189878940452	1116.2116155317458	1099.4430594388134
SN2	GAACGTAAAAAGAAGAAAAATACGCTGAAA	703.0621099181416	663.2756811199806	663.3527378183348	266.82308483223227	382.76928559125975	308.08270801156783
SN2	GAATCGAATACCGATCATGCTCACTACATC	4052.408183747504	4041.0685016384	4080.7532738867226	2333.0015079607047	2010.2619231917931	2299.123142450864
SN2	GATAATCCGGAGCACCGAATAAACAATACC	495.27981349251985	515.8810853155404	466.3313050047696	245.81445578302598	350.41950133043815	300.1765192435772
SN2	GATACTTATGATCCCTGGCACAGACAACGC	4147.805087137884	4136.602035956093	4189.894643143158	2094.492836669309	2114.087789385502	2393.0490098865125
SN2	GTAACAACTACATTATAAAACATTCAGAAC	612.8924341107963	592.3079127696946	524.4455405828716	282.5233236720032	150.9963923709597	309.81568941000415
SN2	TAAAGTCCCCGCGGTCGGGACACGATCATA	3157.2454601528443	3078.909334581638	3216.126842114961	1638.4211422349326	1487.1681013840164	1265.240235020557
SN2	TACAATAAACTTAAGGTATAAATATCAAAT	723.9710202502797	705.5833891749587	676.1095212379182	267.43489929704856	263.01630794459186	245.10047360571042
SN2	TATATGAAAAAGAATCCAGAGTATTAATAA	883.4014615328322	917.1219294498496	907.1490431703725	553.944014261899	532.4057654069017	480.40658468095484
SN20	AAAAATAATAAATATCGAAAAAAAACAATA	1326.408999195007	1266.5017120974114	1070.1523868650488	830.3491932857394	790.6508547252092	736.6981520934829
SN20	AACAAAAACCAGACATCATGAAGAAACAGA	314.94046187782925	283.871073401144	276.3969740909729	191.1020475396754	161.49537828531967	102.16830632572352
SN20	ATAAAGGGAATCATACGAAGACAAGAGATC	493.9730065967612	466.7495533807271	447.90484006537145	261.63165915283525	428.63752262655356	330.7407931612726
SN20	CTGTTCGAGAATTGACCGCACGTTAGAAGG	1572.0886955976289	1544.9137263946873	1536.4836918698184	1412.9135283208825	1266.8968414705564	939.4483539125306
SN20	GCAAGAAAAAAAGTATTTAAGAATTATAAG	512.268303137382	522.7049091953756	466.3313050047696	182.67160410536863	353.2891473158121	251.98929020944485
SN20	GCGGACACAAAGCTGAAAATAACAGCATAA	1014.0821511086949	1035.856464958982	1034.716877366206	567.0260470831179	334.33104432006877	621.1229498743838
SN20	GTAATATTTGCGCTGAGAGACACCAGTGCT	513.5751100331406	517.2458500915075	513.106177543242	21.629440785564015	29.606909784841665	30.340107169638912
SN20	TAAAAAGGTTGATCCAAAAAGACCAATACA	1453.1692680835938	1437.0973090932912	1489.7088193313461	487.391196670045	638.3291238469483	966.3914726693142
SN21	TAAGAGCATTAAGCGAATAAAAATAATAAA	1436.1807784387317	1344.2933043275327	1262.921558538753	1112.0267734328495	854.4630226810941	761.5634175317434
SN23	CAGCAGAAATTCCGGCCAGCAATATGAGGT	410.33736526820906	393.052255478507	403.9648082868065	266.41820761286857	166.99265191995164	208.81994761257585
SN23	CCCCCAACCAATGCGGCGCAACACGTCCTC	2373.1613226976674	2254.5914098975472	2483.3205056788947	11.120627625190151	15.45459946339925	24.253117780106354
SN23	GATTAAAAAAATTGTGAACCCAAATCAAAA	665.1647099411414	559.5535581464857	555.6287889418531	213.7931663671265	400.1254576955694	331.87024869955695
SN23	GGGGAGAGGCCTGGTAAATTGTACACAGTC	4652.232548900714	4645.659297391798	4498.8922859730665	2714.9356848938132	2026.7883181437055	2282.2761491546225
SN24	AGAACATTGATCAGGAAATGTGTATACCAT	1325.1021922992484	1232.3825926982354	1177.8763357415305	4412.073021208026	4280.105798891867	5463.814451733658
SN24	TGAAATACAGACGAACAATCGAGATACGAG	2016.4030401555624	2038.958575294755	2001.3975764946344	6999.148480226777	6087.5563564185595	8251.905624281631
SN27	GCGCGATGTATTATACGAGGAACACCAGAC	5241.602458887855	5528.662107442472	5611.567284236727	4452.821664019099	4074.632231529492	4006.937512518851
SN28	AAGTGATAAAAGAACCAGATAGCAAACATA	723.9710202502797	681.0176232075521	677.526941617872	288.2006020146367	377.4679315620549	392.05902055271105
SN28	ACTATGCATGGCTGCTAGGAGGATAGTCAG	1127.7743510396956	1048.1393479426854	1170.789233841762	570.7689120443468	437.1196890732813	612.6046134482391
SN28	ATCAAGAAAAACTTTCTTAAACATCACCAA	2353.559219261288	2234.1199382580417	2372.7617160425057	1644.4133250815157	1037.7400512168422	1136.3443548881041
SN28	CATCCATATCATAACTAATTACAGCGGAAG	1313.3409302374207	1303.3503610485216	1400.4113353942626	984.5174411479021	571.2669953775074	598.8442238367746
SN28	CTATACCGCAAGGTCCGGCACGAGAGGATA	1227.0916751173513	1413.8963079018515	1362.1409851355124	580.1620635335852	748.6664357504416	580.7729352242247
SN28	GGGGCAGAATGTGAGATCACTTGTTGACAA	376.3603859784847	361.6626656312651	388.37318410731575	333.69080692803584	181.3178324814768	138.66437726891238
SN28	GTCACTAAAACAATCCGGAATAAGAAATAA	1155.2172958506267	1166.8738834518176	1071.5698072450025	524.0010945720667	376.48833353491926	191.67119138625822
SN28	TTGGAAACACTCTAAAGCGAAAAGAATTTA	772.3228753933489	716.5015073826951	659.1004766784738	474.2731747626605	281.4212261720703	233.1937705647126
SN28	TTTTCGTGGGCCAAGCCTCCCAGCCTTTAA	1953.676309159148	2133.127344836481	2055.2595509328753	1507.7537676389484	1275.6440756187444	910.5222216152476
SN29	AAAAAAAAATAACTGGCAAAGAGGAAAATG	2360.0932537400813	2235.4847030340084	2043.9201878932456	2770.952697510669	2188.963652706684	2670.722636344424
SN29	AAAAATCTCTGTTTATAAACTACGAAACAA	1129.0811579354543	1119.1071162929713	1038.9691385060673	985.6331028190377	817.1230508232168	833.5899180418779
SN29	AAAGAGGTACATAAACGACATAGAATTCGG	339.7697928972432	369.8512542870674	411.05191018657507	317.43273725269717	331.18480595056246	395.00767546945343
SN29	ACGCAATATCTAAGACCGATGTGAAACCTA	1296.3524405925584	1256.9483586656422	1211.8944248604196	1106.1515551163047	1041.8082642001234	1261.3518041215782
SN29	ACGCGGTTCAATAGAAGCACCAAGGCACCT	4473.200004181782	4443.674110548676	4520.1535916723715	4825.632607609212	4146.511677355906	4880.394624522766
SN29	ATGAGATCAAGGGAACGGAAACCGGATTGA	2084.356998735011	2175.435052891459	2153.061557149681	2634.59904730051	2690.126003389294	3220.3795025788145
SN29	CAATTATAACTAAGGCATATAAAACCAAAA	1971.971605699769	1892.928744266282	1822.8026086204673	958.3263836908402	1545.4484216572528	1971.4086003883533
SN29	CACGTATTGGCAAGCTGCAAAGAAGAGCAA	3005.6558602448436	2863.276499978846	3132.4990396976928	2988.0568598050368	3045.143853105934	3207.8261646876535
SN29	CATACGCTAAGGACTAACTCAAGGCAAAAG	612.8924341107963	565.0126172503539	637.8391709791682	640.7766819081046	657.1604553332976	532.6374369781054
SN29	CCACACGTGAAAGAACTCACCCATAGGAAA	4853.480810847543	5055.088730181909	4987.902317057095	6382.619445122788	5653.974744925639	5428.861682632857
SN29	CGCAATCTAAAAACAAGAAAAAGACGGAAG	841.5836408685561	771.0920984213766	748.3979606155573	741.3751750126767	904.0191581714869	701.3401584865807
SN29	GAATATATAAGATAGAGACACCTGAAAGAA	537.097634156796	479.0324363644304	497.5145533637512	404.8502275490948	562.0241998744156	334.72406383827547
SN29	TAATGAACAGACAAACACAGATAACAAGAA	1778.564185127492	1725.0626768223362	1767.5232138022727	1655.9928135553182	1618.2498420974416	1901.4513313987397
SN29	TCAAAAACTATCTTCATCTCATCGAATAAT	2151.004150418701	2247.767586017712	2068.0163343524587	1624.430384988031	1812.6597140945198	1895.157418857155
SN29	TGCACAGAATGTCCAACAGACAAGGACGTG	1488.4530542690768	1566.7499628101598	1540.7359530096796	1947.0995342778322	1749.8501935311149	2043.4264791004857
SN3	CTACACAAAAACTAATTTCACAATGAAAAT	279.6566756923463	263.3996017616384	276.3969740909729	17.85958400971072	32.61485196228179	46.48011302970258
SN32	AGTATAACGAGATGACAAGGGCAAAGACCG	1415.2718681065937	1405.7077192460492	1485.456558191485	2803.0999487281483	2589.4579002477635	2995.08329898409
SN32	CCCATCAAGTGCGCCGGGTCTACGAAACCA	335.84937220996727	330.27307578402326	367.1118784080101	1341.2862495796699	845.7042638502339	715.2298750680777
SN32	GACAGGTTTCCATATGGCGGAACAACTAC	1428.3399370641798	1454.8392511808627	1505.3004435108369	5331.450216396077	5418.755971586356	4300.302811340713
SN32	GACTGGGCAAAGAAACCCAGAGCGGGACGC	686.0736202732794	765.6330393175084	707.2927695968998	2117.3279118414225	1449.2403707098576	2420.1214556133286
SN32	TCATTAATCAAGAATTATCAGAAATGTTAA	2079.1297711519765	1946.1545705289964	1862.490379259171	2301.4120875787935	2315.585341225974	2462.264804247939
SN34	TAATCTAACATCTCAGAAGTCAAGGCCCAT	2699.8630466373247	2709.058080294571	2884.450473205794	2377.034154884395	1910.308350375938	2683.2328652455735
SN37	AAAAAACTAAGTGGATTTTAAGTATTAGAC	733.1186685205901	696.0300357431895	686.0314638975942	282.28939461192635	631.3336414649324	247.40249367229
SN37	AAAGCACCCAGAAACAGAAACTACCAAACG	4810.3561832875075	4794.418657972205	4714.34018372603	2771.6994710486065	3350.732338841575	2261.9631930615083
SN37	ACAACGGTAAGAAGGAGCAAACGCGACAAC	1244.0801647622134	1289.702713288851	1234.573150939679	475.8207054677841	672.3845611432531	424.0717565347711
SN37	ATAAGAAGACTTAGTGAACCAGAAAATAGA	1059.820392460247	1029.0326410791467	965.2632787484745	576.9590348648411	674.505102754935	762.7790910500495
SN37	ATACAAAAACTAAACAGACATGGTACAGAA	2343.1047640952193	2350.12494421524	2354.3352511031076	1188.2516579317255	1379.1472506976322	1901.1237030746572
SN37	CAAAAAGAAGATTGTAAGCGCCAGTATCCG	3568.889632316812	3542.929358410431	3299.75464453223	2245.6380012935556	2318.259067605921	2383.271890952051
SN37	CAACTCCAGGAAAGTTCGAGAGATGATAAT	205.16868263410453	180.14895042764905	208.36079585319493	11.948376607000421	74.44945006231107	16.562473962170035
SN37	CAATTAACAAATCCCAAGAAATGTAAAAAC	943.514578737729	913.0276351219486	915.6535654500948	467.09335207261057	581.7775059745395	256.5847085446019
SN37	GCCATAATATCTAAATCTTAAACACACCCT	2703.7834673246	2750.001023573582	2633.567065953988	1190.1320876838815	1654.529543149478	1033.2880033681572
SN37	TAAGCCTGAGCTGGACACTCAAAAATACCC	6494.830271920378	6654.593047615278	6632.109957803395	4303.071076483772	3801.036264891835	3567.286166994157
SN37	TATACCAAGTCCCGTCAACAAAAAGATCAA	1084.649723479661	1080.8937025658943	1142.440826242688	421.4321989999245	491.32027168056436	425.1581030830446
SN37	TATCATTAAGGACATTCAATTAAGTTGAGA	798.4590133085214	758.8092154376733	768.2418459349092	312.3762706464214	305.7037325623628	412.8979063239578
SN38	ATTGAATGATACCGAACGAACAACATTACT	1139.5356131015233	1172.3329425556858	1153.7801892823175	602.8621796325777	398.12016291060934	733.4477342466645
SN38	GATAACACCACACTGGGAAAAGCAGATCAA	3367.641370369983	3368.23946708665	3367.790822770008	1177.2210030219496	1588.8849506487156	1657.9631340194353
SN38	TCCAACATAACAGCATGGCCAAACGGTAGA	2343.1047640952193	2502.978599123548	2433.710792380515	1200.8028517320008	1380.8413790504433	1177.530683944474
SN38	TCGATGCGAAATAACATCAAGAGAATTTCA	1445.328426709042	1435.7325443173243	1457.1081505924108	616.0611769838349	610.7620828950833	628.1238498521465
SN4	AAGAAGCCGCAATGAGACTGCAGGTAACAT	2644.977157015462	2554.8396606102956	2608.053499114821	1340.728418744102	1232.3227934540032	1657.1181978152226
SN4	ACCAATAACACAACACCAGCTAGGGAGTTA	4432.688990413265	4547.396233522171	4778.124100823947	3076.52703087178	2577.414606855331	3599.4799607342625
SN4	GGATGTAACGAAAGAAACATATCGAGCACA	500.50704107555435	569.1069115782549	547.1242666621309	201.46690435538662	264.7680597107639	171.918652163285
SN4	TCCCAGCTGTGTAACCGATAAAGCGCCCAC	989.252820089281	1041.31552406285	1021.9600939466228	358.28934732226713	438.9290642528142	221.8992151818689
SN41	CCGAGACCTCGCTCGACAAGAGGGCCGAAT	1674.019633466802	1673.201615335589	1817.1329271006525	1189.8891613522633	909.4818577581024	1162.5201336226946
SN41	GAGGACAACCTCAAGGCGGTCGAGGTATGC	1169.5921717039716	1199.6282380750265	1234.573150939679	11.075641267483071	9.231270820419686	15.139877291811858
SN41	TCCCCCTAGGCTGATTGTGACATCCTGTCT	948.7418063207635	963.523931832729	997.8639474874097	10.508813160373863	16.249802567779973	16.096896870052813
SN41	TGAACAACCATACCAGAATGCAGATGATCG	5118.762610686544	5158.810853155404	5424.467794082837	2866.9355903144947	3034.229978615375	3896.9923443951693
SN41	TGACTATGATGTAGCGAGTACCAAAAACCG	3255.255977334741	3327.296523807639	3415.983115688434	1891.100516204059	1886.2793870044336	1564.8390937979889
SN42	AAAAAAGAAAGGAGACTAAGGAACCAACTC	492.6661997010026	466.7495533807271	474.83582728449187	273.1931530835548	196.87615408892572	260.41278685756566
SN42	AAAAGCGAAAACTGGTCACACTTCATAACA	618.1196616938308	607.320325305332	592.4817188206496	318.8093197985338	291.3670273181654	149.01053487151728
SN42	ACTAATAGTGACTAAATACATATGCTAAGC	254.82734467293238	249.751954001968	249.46598687185244	58.75218316544635	115.13157989512193	30.228023795610692
SN42	AGAAGCAACCAAATGATACAAGTGAATAAA	637.7217651302102	575.9307354580901	642.0914321190293	145.23395722153674	244.01210621815983	363.41740758949976
SN42	ATTTTACACATATATTAATAAAAGACAACA	439.08711697489883	491.31531934813376	425.2261139861121	530.6860673273387	147.14714835845012	152.38165789036606
SN42	CAACGGGACCACAGCCGGCTAAAGCTTCGT	4281.099390505264	4271.71374877683	4280.609547460195	2424.359803192243	2246.8751831344107	2139.1370587225833
SN42	CGAGGCCAGCAGCTACGCCCCGGTCCGGTT	239.14566192382884	208.80901072295686	301.9105409301396	322.27326934197896	90.61857985138576	155.6320757371844
SN42	GCCAAATCAACGAAAAGTAATTCGAAAAAA	1969.3579919082517	1937.9659818731943	1984.3885319351898	795.2148479165099	711.6606796900575	856.972234223765
SN42	TCGAATAAAAAAAAAGAAAAAAAAAATTAC	2149.6973435229424	1978.9089251522055	1849.7335958395877	905.4764106565627	797.6809111552417	708.8411227484692
SN43	CCTAAAGAAAATCTGGGCCAAAATTGGCTC	1270.216302677386	1155.9557652440812	1141.023405862734	1554.6655414558913	1102.6701133919291	1011.3713928466391
SN43	GAAGGGATCGCCCCCAACTGCACAAAATAC	564.5405789677271	533.6230274031119	598.1514003404644	327.5186786506245	350.94963673335866	227.40854410525603
SN43	GGTAAATGAATGTCACTCAAGCATACAAAA	695.2212685435899	685.1119175354531	727.1366549162517	195.50171332342782	257.461410896599	590.9035478767753
SN43	TATAAGACGGTCGGTCATGATGCAACCAGA	2532.59176398022	2732.2590814860105	2673.2548365926914	2188.1004497862004	2029.761686273129	1359.7782501143595
SN44	CAGACGAATTTCATTTAATCATCGATATAA	428.6326618088298	353.4740769754629	398.2951267669917	1091.0451361982673	902.6822949815136	609.2765994194012
SN47	AAAAAAAAAAAATAGGTGGACATTTTTAAT	865.1061649922115	844.7893963235966	732.8063364360665	60.092776625117324	95.25150228560388	74.36300776872282
SN47	AAAAAAAAAAATAGGTGGACATTTTTAAT	60.11311720489687	46.402002382879296	39.687770638703796	8.844317925211907	20.421737695110718	14.950197735764101
SN47	AACAAGTCAAATTCGCACTGCTCCGGATCA	1425.7263232726627	1389.330541934445	1352.2190424758364	568.8075068483182	418.3575056829651	500.659188188054
SN47	AAGAAAGTCAAATCCAAAAAAGAAGTAGCC	2829.236929317429	2844.1697931153076	2732.786492550747	1670.3884480215836	1916.5662530669342	1344.2331483164457
SN47	AATCAATGGTTGAGACATTTGTGTTCCGT	337.1561791057259	378.0398429428696	381.2860822075472	149.3187185013396	329.21408521361894	168.9355100545339
SN47	AGAGATCAAATACAGTGAATTGCAGGAAAC	431.2462756003471	408.06466801414444	447.90484006537145	478.69083508949575	478.6200713758172	151.97643338426403
SN47	ATGTAAATTAAAACAATACAATAATGCAGT	2404.5246881958747	2272.3333519851185	2360.0049326229223	1357.3103901949319	1041.1283079224645	1148.751122213228
SN47	CCATTACTATATTTTGTCCAAAAGAACAAG	410.33736526820906	454.46667039702373	422.3912732262047	227.25308459308482	150.22423863192336	174.76384550400135
SN47	CCGTAGCTCTGTAACCCGATACTCCTGAGA	1625.6677783237326	1740.0750893579736	1654.129583405976	728.2751476483751	820.6611284035773	646.2813564447181
SN47	GAAACCGCTAAGAAAAACGGGACGTGTGCG	629.8809237556585	670.0995049998157	652.0133747787053	287.3458612182021	312.2036535894748	331.7926525175374
SN47	GAATAAATCTTGATTGAACCTAATATCCAA	2222.8785296854253	2302.3581770563933	2106.286684611209	1278.305348789758	1137.8203955420913	834.7883479641797
SN47	TAACATCGGAGGGACGGCTAACCGCAAAAC	3614.627873668364	3672.5820121273	3842.6266500545	1549.8879902673993	1518.8955527805401	1443.4527997254268
SN47	TATGAATCGAACGCTTCTTTTGAAATTCCA	1775.950571335975	1650.0006141441493	1743.4270673430597	933.1340233748755	554.1413169266414	817.6137263438555
SN47	TGAACGTAGTAAACTGATTCGATAACATGT	2064.7548952986317	2023.9461627591177	1998.5627357347269	1155.7984994818382	1021.0177366595027	935.7064935795885
SN47	TGTCTCATTTGGGAAAGGAAACACTGATGA	3950.477245878331	3871.837669418487	3961.6899619706114	2143.3750129538216	2383.557919626517	2399.851608510225
SN50	AAGAATCAAACTGACAAACAAAAACGCAGA	5320.010872633373	5119.23267465236	5095.626265933577	4680.065751340643	4255.834817184247	3864.9278776250962
SN50	ATAAGATCCCTAGGCTAGAGATAAAGGTAA	2795.2599500277042	2819.604027147901	2819.249135727923	2182.576125059771	1915.1717664635999	1904.2534157494454
SN50	CAATGGAAGAGAAACACAGCTACCATACCA	5152.739589976269	5031.887728990469	5332.3354693858455	3806.7545864446424	4340.633432286179	3643.3562907673095
SN50	CCAGCCTTCCTCACTATAGTATGAAAACAA	1590.3839921382498	1588.5861992256325	1445.7687875527813	808.4228425393086	896.643361261289	665.5510749795698
SN50	GGCTAGGGGAAGTTCATTACTAGGCAACCG	767.0956478103144	761.5387449896073	739.8934383358351	704.5223507790369	810.7153272574822	815.7772833693931
SN50	TAAAAATAGTAATAAATAGTCAGTACACCG	1855.665791977251	1723.6979120463693	1682.4779910050502	1307.285560424659	1442.9939927015337	1774.581573796797
SN51	AAATAAAAACATTAGACGTTGAAATTAAA	2630.6022811621174	2516.6262468832183	2505.999231758154	1671.0182570294828	1623.7010170013848	1972.8656842507203
SN51	CTTTGAGATACTTTAAACCTCGGGTAAATG	1806.0071299384233	1753.722737117644	1807.2109844409765	2073.4212267193125	2461.1420833756624	1855.6006096231956
SN52	ACGCATAATAAGTGACAGAAAAAATCGTCA	840.2768339727975	753.3501563338051	765.4070051750018	795.8626514674919	890.3624092049484	705.1768585975466
SN52	CACAAACTGCGCTTATTGGTACTAACCACC	1680.553667945595	1707.3207347347648	1751.931589622782	2125.7853470903533	1831.9405082050844	1634.5463306455395
SN52	CCGTAGCCGATCGACTAGCTGTAAGGACC	1825.6092333748027	1920.2240397856228	2021.2414618139862	761.1061915030019	741.7631508298031	792.4035889855082
SN52	GCGAGTCTATAGCACATTCGCCAGCGAGT	1025.8434131705226	1045.4098183907513	1128.2666224431507	857.3949915392358	605.5875003752725	652.4545638142724
SN52	GCTACGGATAACAAGCTTGTAAGCGAGAGA	334.5425653142087	364.3921951831992	371.3641395478713			
SN52	GCTCGTGATGCCGTCGAAACACGGAAACGA	878.1742339497977	974.4420500404652	997.8639474874097	1580.289770805844	1048.849845312828	1388.781978593662
SN52	TATAACGGGGGCTATACGAACAGTGGACCC	2924.6338327078083	3153.971397259825	2888.702734345655	3045.7833540147617	2738.195454814975	2723.3587131476766
SN53	AAGAGCGATTAAGAGCAAACTACGAATTAA	1379.9880819211107	1494.417429683907	1481.2042970516238	1514.4297431226792	1526.259825008066	1232.6757039663582
SN53	AGAACAACTAAATCATGAAAGCATAATAAA	4038.033307894159	3950.9940264245756	4090.6752165463986	3545.743739028165	4384.369603027119	3263.2988130336203
SN53	ATTAATTACGCCTCACTAGCATGCAACAAC	2644.977157015462	2691.3161382069993	2751.2129574901455	2821.715303547338	3032.178585099726	4840.139449650631
SN53	GCAGGAATCTACTTACGACGATCTCCCATA	1956.2899229506654	1927.047863665458	1999.9801561146805	3483.500614504649	4106.267485464638	2849.0386626253194
SN53	TATAACCTCCTCTATCCGAATCTGACGAGT	342.38340668876043	307.0720745925836	320.3370058695378	602.7632096456222	385.85790054740517	538.681317377627
SN53	TATCCAGGAAACCCAAGGGTGTATACCGAA	409.0305583724504	433.99519875751815	419.5564324662973	452.93164666642184	579.0115821332153	452.0236256578087
SN53	TGACAAAAAGATATCAGCTCAAGCCCATAA	2126.174819399287	2085.3605776776344	2038.2505063734307	2337.095266512049	1957.1446607556954	2687.9662323487655
SN53	TGGACCCATGATATGCAAAGCCGGGGGGTA	825.9019581194526	848.8836906514978	775.3289478346777	162.07684954706744	148.51858559644006	152.22646552632696
SN53	TTGTGCAAAAACAACACCGGACGAAATTAG	829.8223788067285	753.3501563338051	788.0857312542611	873.6710557576573	973.340124444676	932.6716206828244
SN54	AAAGGGAGGAATTGCCTGCACTGGCAGGAG	597.2107513616928	556.8240285945516	537.2023240024549	675.110270110148	551.8709544402211	566.9435712287428
SN54	AGAGAATAAATCAATAAATAAAATCAAAAT	720.0505995630037	697.3948005191565	616.5778652798625	746.4766279766595	891.5725008855278	617.4759293194656
SN54	TCAGAGTGTACATCACACGCGAGGTCAAAA	2003.334971197976	2038.958575294755	2024.0763025738936	1261.7593664250942	1000.7458198391304	1143.4659600378973
SN55	AAACTGAATGAAGGGAGGTCCGGAGCGAAA	1051.9795510856952	958.0648727288608	1044.638820025882	7729.421022157347	9358.376545611207	6694.558872947529
SN55	ATAATCTCGGCTGAGAAACACAATCTCGGT	4134.737018180297	4318.115751159708	4463.456776474223	32085.511940162098	35783.42516680682	35545.60393142953
SN55	TTGTATAACTTAAAACGAAAAATAAAAGAT	1813.847971312975	1756.4522666695782	1662.6341056856984	17060.977190423095	16400.48779371878	18736.555168195417
SN56	AAACCGGCAGAAGCTAACGGTAAAGGAGTC	3494.40163925857	3545.658887962365	3566.229675963527	1897.0387154213936	2266.282748754369	1898.7268432300539
SN56	AAAGACAGAAGTTACAGAACAGGGGCGCAA	1312.034123341662	1288.3379485128842	1340.879679436207	569.58127220088	850.0951679483362	846.927839551236
SN56	AAATAATAACAAAGAGTAAGAGTAAAACAA	683.4600064817622	721.9605664865632	670.4398397181035	910.6768336075012	517.2853817409958	767.7107595072912
SN56	AATAAAAAAGCCTAATCACACGGGCAAAAC	729.1982478333142	773.8216279733107	775.3289478346777	257.0430506667131	345.00290047451153	319.01514787832036
SN56	AATAAATCCATAAAATTAGATGAGCATAAT	1659.644757613457	1516.2536660993794	1543.570793769587	1067.526268389006	682.0768192705602	1033.3052469641614
SN56	AATGTCCACAGTTAATGGAATTTTTTCGCT	1461.0101094581455	1424.8144261095879	1381.9848704548644	1122.094720287694	884.4502469941178	602.4395136036798
SN56	AGTAACTCACTCTGCGTTCGCACTCACGGC	5668.928313800926	5677.421468022879	6038.210818602792	5598.039372168232	5853.616822855889	5704.190180034178
SN56	ATAAAATAAGAAATCATCTTCATCGCCACG	977.4915580274534	1015.3849933194764	931.2451896295855	882.8032863721945	701.8531747360286	788.0754463884185
SN56	ATCAACATAAGATAAGAAGCGAAAAATAGA	4329.451245648333	4342.6815171271155	4211.155948842464	3771.8541701354898	3662.924467748377	3540.17061227733
SN56	CTCTGGATAACAACCACATCGAGTCCAGCA	5453.305176000753	5513.649694906834	5621.489226896402	5204.822616722188	4355.869062778807	3971.751954871992
SN56	GAAAATAAAATTAAAATACAGTACCAAAGT	887.3218822201081	929.404812433553	832.025763032826	908.7604147691795	736.1736797337936	578.3243445916082
SN56	TAACTATAACAGAATCACACCCAAATAATA	311.02004119055334	333.0026053359573	277.8143944709266	192.70356187404744	138.28466738354035	208.11296017639785
SN56	TGCATCGGAGCCTCAACGTACCTAAAAGAG	1906.6312609118377	2070.348165141997	2134.635092210283	1294.851331154422	1319.9795298586378	973.8148407491832
SN56	TTGAATAGATAACGTTGAGTCCGAGTTTAC	1231.012095804627	1254.2188291137081	1289.8525457578735	1265.3762695847433	984.0696040124797	749.4497913386934
SN57	AAAAAAAGAACAATAAATCATCTATCGGAG	1381.2948888168694	1296.5265371686862	1203.3899025806973	718.4411298536073	1228.185432374689	560.7358766671798
SN57	ACCTGTATAAGGGCACCCTTCCGGAACCAG	2128.7884331908044	2225.931349602239	2128.965410690468	858.5196504819128	1117.548478721719	657.9811363336638
SN57	AGTTATATCATCGCCAGGACAACAGGATAC	1705.382998965009	1766.0056201013474	1732.08770430343	1204.0598640299934	1297.1952322157292	904.1076039016326
SN57	ATCAACGCCGGATAAATTACTAACTAATG	150.28279301224217	158.31271401217643	145.9942991352318	16.240075132255843	48.276895713780355	31.210908767858157
SN57	CAACTTAGATATACCGAGACAGGATAATTT	667.7783237326587	672.8290345517498	714.3798714966683	9.843015066309082	13.414730630422616	11.708401686947894
SN57	CACAGAAAACATTGCCGCCGGGAAAACATT	3920.4206872758828	3818.611843155773	3838.3743889146385	1858.827303185	1562.1361621665758	1291.9678088272865
SN57	CCAGACAGAAACAACCAGTAGGTCTTCAAT	1312.034123341662	1332.0104213438292	1323.8706348767623	852.3835112906671	784.7963159277396	1792.6442406113447
SN57	CGACAAAGATATAATTCCTCAAAGAAGACT	169.8848964486216	139.2060071486379	154.49882141495408	41.4954163490105	52.70237385989916	56.80040523830098
SN57	GACCACTGATACTATCCACCTGAGCCCAAA	1136.921999310006	1286.973183736917	1196.3028006809288	604.8865657293964	446.7773731525718	743.0955262110937
SN57	GAGCACCGGTACACATACCCCCACACGGAC	2642.363543223945	2754.095317901483	2639.2367474738026	333.14197336400946	354.7297326498351	448.93702197303156
SN57	GATAAAATATCAACCGAAAAAAGACTAAGA	5215.466320972682	5237.967210161492	5004.91136161654	2850.4345943075377	2666.753946930104	3695.776822620508
SN57	GATCAGGGGGACAGCCCCGAACCCGAGGAA	4474.506811077541	4364.517753542588	4619.3730182691315	2296.238656442479	3005.4528459829307	2281.758841274492
SN57	TAAAAATGAGACTCAATATAGGAACCTAAG	878.1742339497977	928.040047657586	962.4284379885671	663.7377188817982	2155.06956096779	575.4619076548875
SN57	TCTTACATCCTGACGTAGAAGCCCGCCGAC	1491.066668060594	1471.2164284924672	1363.5584055154661	900.3389686064143	643.1464412039213	566.202096600556
SN57	TGAAAGACAAGATTTTTGCATAGAGGGGTA	1373.4540474423175	1336.1047156717304	1295.5222272776882	1142.1226467388858	1008.7669989789707	764.8655661665748
SN57	TGGCTCAGAAGCTGAGAACCAATTGAGGAG	539.7112479483131	560.9183229224527	568.3855723614365	489.0107055474999	703.2361366566907	264.6547114746337
SN57	TGTCAACTATAAATCCAACTAATGAAAAAA	147.6691792207249	150.1241253563742	126.15041381587993	63.75466614247363	83.99188731487975	18.07991041055209
SN59	CATCCGTAATTAGCGATTTTGCAATCTGGT	615.5060479023135	552.7297342666504	608.0733430001403	167.6191688165797	293.56824170855265	262.06817207398245
SN6	ACGTTAAGCAGGCACAGACAACCAGAACAA	824.595151223694	810.6702769244207	782.4160497344463	348.15841956663274	625.8248431476283	572.1080282320431
SN6	CAGATTCACGCAAAAGGACGAGGACAAAAT	1187.8874682445924	1151.8614709161802	1179.2937561214842	818.4997866656945	846.3150720318597	1035.7883247887867
SN60	AAAAACACAGAACTGAATCCGCATGATAGC	165.9644757613457	165.13653789201163	163.00334369467632	64.19553244800301	78.40241621887031	244.05723604744776
SN61	AAGAAGTACTAAGAAAACCGAAAAACATTG	2350.9456054697707	2378.7850045105474	2328.821684263941	1532.811168881792	1442.8787458748118	1585.0830755070858
SN61	AATAAGGGCGAGATTTTCTGAATTCCGAAA	3870.762025237055	3953.7235559765095	3899.323465252648	2192.73404463003	2023.9878202543648	1928.4461809435365
SN61	AATTACCGGAAGCTATGTTAAAAAATTTAA	601.1311720489687	510.4220262116723	515.9410183031493	161.2131114790915	332.9941811300954	347.18256195141225
SN61	ATGGCAAATTCAACTTGCGCATCACTCTAT	998.4004683595914	877.5437509468055	917.0709858300485	384.0665302884239	471.3364719269967	401.4567803750772
SN61	ATTCTAAGCAAGGATCTAGTAAATTAAAAA	5459.839210479546	5293.922565976141	5060.190756434734	2742.773243042954	3174.6582369759417	3406.4034162736507
SN61	CAGAAAAAAGAAGGAGTTTCCAAAAAACGG	517.4955307204165	543.1763808348812	501.7668145036123	422.5208688564358	377.1913391779225	219.45924634725458
SN61	CAGGAGACCCTTTAAAGGGGAACGGAGACC	1914.4721022863894	2017.1223388792826	2079.355697392088	2233.788594673511	1280.3346214663234	1207.1034510919196
SN61	CCGTTAAATACACGACGGCAAGTCCAGATC	1493.6802818521112	1523.0774899792145	1635.703118466578	68.05536193927047	79.1515205925623	142.80284030995432
SN61	CGATCTTCCAGAAAATGCGTCAAAGATTTT	2384.9225847594953	2463.400420620504	2287.7164932452833	24.76948855351819	26.679640386106833	26.882766170768434
SN61	GAAGGTTTTACCTCCCAACTCCAGCTAGAA	616.8128547980722	642.804209480475	603.8210818602792	446.0937202949457	508.2039317953145	918.7991476973316
SN61	GATTATGTGCGCACTCGCTGGAGGCACTTC	181.64615851044923	171.9603617718468	225.36984041263943	56.196958047684205	140.20928938979515	70.37973709171993
SN61	GCTCGAACTAAAACTAACACAGATAAAGCT	1279.3639509476964	1277.4198303051478	1298.3570680375956	798.8677401623248	387.62117699624935	455.3257742926401
SN61	GGACGTGCGTGCAAAAAGCATTGAGGAGAG	3108.893605009775	3175.807633675298	3271.406236933156	1947.4144387817817	1972.3226678349622	1900.201170688425
SN61	TAGGAAACTAGGAATTGAGAAATATTAGAA	2749.5217086761522	2511.16718777935	2643.489008613664	1695.2119202043505	2112.0248711871814	2080.5691848938372
SN61	TATGCTCCGATAAGAGAGACATACAGGAAA	199.94145505107002	184.24324475555017	180.0123882541208	121.20224493441467	216.56031209301665	26.925875160779288
SN61	TCAAAAAATAAGATATAACTCCAAAAGCAC	1210.103185472489	1172.3329425556858	1141.023405862734	624.1137350134022	399.5837976099767	789.4290686747593
SN62	ACCGATATTCGAATAGGTATGGAGCGAGAC	997.0936614638329	1030.397405855114	958.176176848706	1165.3805936734461	985.1413995009927	652.333858642242
SN63	GGCACATCCGAGCCCAACCTTCTCACGAAA	1385.2153095041451	1499.876488787775	1414.5855391937996	1008.9270388397637	759.7877545290994	814.1822507389916
SN64	AAAAAAAAAAAGTGACTCACAAACAAGTAT	957.889454591074	851.6132202034319	904.3142024104651	248.7115772193619	178.80545165894063	407.2937376225468
SN64	AAAAACAACAGACATCCCGAAGGATTACTC	1632.2018128025259	1715.509323390567	1617.2766535271796	469.0367627255564	572.7652041248914	578.1346650355605
SN64	AAAAAGTTGATGTACTCCCAAACAAAATTT	262.66818604748414	272.95295519340766	228.20468117254683	76.84569623523387	68.35289292872554	146.2601813088248
SN64	AAAAGTAAATAAGTTAAGGAGAAATCCCAC	712.209758188452	697.3948005191565	629.3346486994459	364.083590194939	552.4356638911581	332.7755374897849
SN64	AAATAACAAAAAAAGAAAAGAACACTAAAT	884.7082684285908	833.8712781158604	773.911527454724	670.2787352924076	693.9818164709267	592.1795739810966
SN64	AACAACAACCCACACGTCGACACCCCGCGC	424.712241121554	372.5807838390014	425.2261139861121	216.8792305058322	153.0593105692807	255.2483298542654
SN64	AGATATACTTCAGAACAAGAGACTCAAGAG	1104.2518269160403	1046.7745831667182	1038.9691385060673	387.2965507717922	459.7426411587792	499.0555337596502
SN64	ATACCAAATGACTAACAATCGAGAACTCGA	1492.3734749563525	1513.5241365474453	1632.8682777066706	1016.4397605768461	602.625656928521	854.5753743791615
SN64	ATCAATACCACTTGAATATCAAAGAATTAG	661.2442892538655	555.4592638185845	593.8991392006033	280.8408338937584	278.20583970653087	433.7971446812197
SN64	ATCAGACGATAGCCCCCCGAACTGTAAGCA	1413.965061210835	1494.417429683907	1474.1171951518554	1146.3513643633514	1267.2195325853777	810.3800378200342
SN64	CATACATAATAGACCTTATGAACAGGAGCT	355.4514756463467	341.1911939917596	311.8324835898155	78.46520511268875	70.39276176170218	79.53608657002528
SN64	CCCAATGTCTCCATCAGATTGGGCTGCTGA	7068.5184991584165	7050.374832645719	7054.5012310296	7482.508899246268	6667.409240386844	4870.307120860227
SN64	GAAATGCTAGATGCCTAGCGCCCATCCCGA	2207.196846936322	2088.0901072295683	2270.7074486858387	1090.001452699463	679.5990124960406	979.5310928246224
SN64	GAGACTCGAAATAATAACCAGATATAAGAC	977.4915580274534	1037.221229734949	926.9929284897244	765.2359391405118	422.5985889063289	668.6118132703405
SN64	GTCCCAGAACCTTTATTTCCCAGGAAACGG	1369.5336267550417	1297.8913019446534	1312.5312718371326	427.9822126820753	465.6317540042654	469.6638243702501
SN64	TACACAGACAATATTGCATGCTGAGTACTG	4649.618935109197	4827.173012595415	4783.793782343761	2563.8804929849803	2181.3573621430423	1797.403473108543
SN64	TGAGAAATCCAAATAAAAGAACCCCATAAG	2898.4976947926357	2913.7727966896264	2738.456174070562	1398.4189238676615	1206.5190289509824	1106.4094722245673
SN64	TGGAAATAGTAAAAATCAATAACCAATAAA	627.2673099641412	566.3773820263209	608.0733430001403	125.43995983042159	197.01445028099192	202.3191119189391
SN64	TTCGGAAGACAAATACAGCTCATTCCGTGC	1853.0521781857337	1902.4820976980513	1885.1691053384304	751.2541791651514	756.7567629863149	919.4716479415009
SN66	AAAAGGAACTTCCCCTAATAGAAGAGTCCA	159.43044128255255	148.75936058040716	171.50786597439856	171.63195192405124	20.755953492604064	52.78264736928941
SN66	AAAATTAATGAAAAATTAATAAACTGATAG	591.9835237786583	547.2706751627824	506.0190756434734	263.2421707587487	319.75232073975553	293.7274143379535
SN66	AAAGGATCAGACAAAGTGATATCGGACCAC	1151.296875163351	1303.3503610485216	1224.651208280003	447.2813601384126	682.4571337987422	566.3831543586017
SN66	AAAGGATCTTCAAGGAATAGTAAGCGAACG	1125.1607372481783	989.4544625761027	1101.3356352240303	29.475061569678747	32.51112981823213	41.807098512526025
SN66	AAATCAAGAAACCAAGAAAAAACGAAGCAA	165.9644757613457	140.57077192460494	175.76012711425966	191.96578560765133	321.73456615937124	131.53415032111715
SN66	ACCAAAACATCCGACATAAGGGTCATTACC	2903.7249223756703	3043.425450406495	3068.715122599776	1868.9762254837171	1984.435109323428	2361.7691267346368
SN66	ACGGGCGGAGGGAGACTAGCCCCACGATTT	339.7697928972432	352.10931219949583	348.68541346861196	72.74294041234819	91.8401962146373	34.61651897871561
SN66	AGTAAAAGATTTGTACGGGCAAAGGAGTCA	202.55506884258727	191.06706863538534	160.1685029347689	46.425921153706454	74.11523426481773	92.30496941124018
SN66	ATATTGAATACGTAGACGACATAGATGCTC	1843.9045299154234	1854.7153305392048	1829.889710520236	989.6818750126749	986.5013120563106	1158.3126961976354
SN66	ATGCTGACCCATATGATGAGGCGAGGTAAA	816.7543098491423	803.8464530445855	867.4612725316687	109.8476882491477	82.60892539421762	97.72808035460558
SN66	ATTTGAATAGATTAGAACCGTTCAAACACA	254.82734467293238	251.11671877793503	235.29178307231538	109.81169916298202	137.20134721235502	682.5187734478418
SN66	CAAAGGACACGACTTATAAAACAGCAAAGA	163.35086196982843	158.31271401217643	147.41171951518552	57.93343145517749	135.5878916382492	54.70530832377349
SN66	CAATAGAGCCGGTCACAGTCAACACACAAG	734.4254754163487	686.4766823114202	690.2837250374554	174.9339505797509	111.04031754649648	144.6392832844167
SN66	CACCTTTGCAACACACGATCCTTAAACCTG	2060.8344746113557	2265.5095281052836	2194.1667481683385	1113.5203205087244	959.9138691315811	1288.2776792823574
SN66	CAGCAATTAAAAATTCCGGGTAACGCAATA	1415.2718681065937	1468.4868989405331	1406.0810169140773	775.1059460214452	635.4249038135579	818.648342104116
SN66	CCAACAAAAACGTTCCAACCCATAAAAAAG	4469.279583494506	4548.7609982981385	4486.135502553483	3044.4157687404663	2315.6660140046793	2785.694312703371
SN66	CCGAATAATGATTAAATAGAATATATTAAT	3602.866611606536	3244.04587247365	2956.738912583433	2163.95177296904	1840.7223164012887	2271.404061873885
SN66	CCTAATACCACAGAATAGAGCGTGGGATTT	581.5290686125893	612.7793844092001	660.5178970584275	280.6698857344715	319.00321636606355	290.1579899650548
SN66	GAGTCTAAAAGGAGTAAAATCTATATTACC	263.97499294324274	263.3996017616384	267.8924518112506	247.79385552213748	282.73503999669936	109.7813539616403
SN66	GCATGCTAATATTAATTGGAGATAAATACC	1510.6687714969735	1480.7697819242364	1525.144328830189	492.59161962098347	889.267564351091	470.7846581105323
SN66	TAGCACACATACGTATCAGGATTTTCGATA	1794.2458678765956	1793.300915620688	1756.183850762643	1187.4239089499154	654.0257416464634	1299.417042301162
SN66	TTAGCAAAAAATCGAAAAAATCTTAGTGAC	837.6632201812803	813.3998064763548	836.2780241726872	656.1170298862189	619.7052366486984	466.3961629274274
SN66	TTGGAAAAGTATACAAATGCATGAATTGCG	201.24826194682865	178.784185651682	167.25560483453742	108.04823394086449	30.148569870434333	272.5609002426243
SN67	AAAAATAGCTTGAAGCTACAGCAATATTAA	870.333392575246	802.4816882686184	742.7282790957426	345.90910168127874	447.1115889500651	307.56540013143757
SN67	AAGCGTAACCAGGATGACAATCACAGCGAT	3958.318087252883	3956.453085528444	3977.281586150102	2341.1710305203105	2659.2744278758564	2410.8702663569993
SN67	ACACGTGAAATGAGCCACTCAACACATGCA	2382.308970967978	2517.9910116591855	2589.627034175423	1454.3369664975617	1440.009099889438	1300.7706645875028
SN67	ACCAAAACTACGGCCCGCCCCGATGGACTT	4683.595914398921	4753.475714693194	4759.697635884549	3209.7496305855266	2915.341352169121	3754.094664307191
SN67	ACCTGGAATTCGGCAGTACCTACAGCGGAA	619.4264685895895	655.0870924641783	652.0133747787053	323.1190128668721	290.30675651232445	525.6796459903535
SN67	ACGCAGTCCACCCGATGAAAGACGAAAAAA	476.984516951899	536.352556955046	554.2113685618995	326.555970595693	218.68085370469856	279.6049092103978
SN67	AGAGGCTAGTCATACTTGCGAGTACATTA	1271.5231095731447	1226.9235335943674	1235.9905713196326	411.9940611529791	482.0313774467838	619.2865068999215
SN67	AGTCGTCATAAGTTAACCGTGTAATATCC	503.1206548670716	573.201205906156	542.8720055222698	282.217416439595	267.98344617630335	233.50415529279076
SN67	ATAAAAACAAAATAAGAAATAAAACTACCT	2051.686826341045	1920.2240397856228	1811.4632455808376	1098.5578579353496	781.7422750196107	1288.2518138883509
SN67	ATGGAAGAAGCAGATCCAAACAAAAAAAGA	649.4830271920379	626.4270321688705	579.7249354010662	180.9081388832511	210.49832900744767	515.8766616618854
SN67	CAAACGAGCAGAATCACAAATAGAACACAA	2481.626295045634	2395.162181822152	2456.3895184597745	954.0076933509605	884.2197533406742	1351.3892406582474
SN67	CAATCAAAATGTGCCTTCTATTTTAGACGG	1981.1192539700794	1924.3183341135239	2188.4970666485237	1022.2699925356836	770.8975486250852	1056.8772427020963
SN67	CGCCTAAGAGCTTATAGAATCTCAATACCA	53.57908272610373	39.57817850304411	49.609713298379745	14.980457116457606	0.703005643003247	60.48191298522789
SN67	GAACCAATAAAATCAAGTCGACAGATAACA	2063.448088402873	2100.372990213272	2126.130569930561	1048.0111864156747	1025.5815109976877	1562.8991892475005
SN67	GACAATTTAACTACTAAGACTAAAATCAAA	352.83786185482944	322.08448712822104	331.6763689091674	71.15042334951757	184.25662656288384	114.66129163086896
SN67	GCGATGACAAATAAAGGAGCAATTCAACTA	1638.735847281319	1692.3083221991274	1671.1386279654207	850.1521879483959	863.5444726267754	630.1241069886502
SN67	GGCAGTAGTACTAGAAAAAACCCTCCCCAA	1051.9795510856952	1057.6927013744546	975.1852214081505	712.5029306362728	658.7047628113703	801.6116692518266
SN67	GTACCAACCAGTAAAAGGATGAGACCTCAG	965.7302959656257	979.9011091443334	1030.464616226345	556.688182082031	894.9146588604613	583.7302119389692
SN67	TAAACAAATGGCTACGAAAAGTGCGCAATG	642.9489927132447	611.4146196332331	643.508852498983	367.6824988115054	380.0494604806242	380.3075098757523
SN67	TAACAAAAGGTCCATAAGCGCCCCTCCCG	2137.9360814611146	2178.164582443393	2192.749327788385	818.445803036446	916.0624515639196	1668.1799646520076
SN67	TAACCCGACTGTTCGCCCTCAAACGTAACG	880.787847741315	900.7447521382452	958.176176848706	649.9359043372662	370.44939981469463	429.65868164017775
SN67	TATATAAAGTGGTGCAAATGCATAGGCAC	1578.6227300764222	1655.4596732480172	1662.6341056856984	781.1251206826526	1111.9013842123488	674.8798604179185
SN67	TCTAGGTAGAAGGAAAGAGGACTAATACAC	2038.618757383459	2138.5864039403486	2121.8783087906995	1244.061733303129	1363.9116202050045	1261.2224771515455
SN67	TTACCTCGAAACATCACTCAAACTGGAGGA	1641.3494610728362	1671.8368505596218	1664.051526065652	1570.4647502826178	2707.3899780322263	1412.560897483649
SN67	TTCGCCCACTTAACGGAGAATAAAGTGGGC	2255.548702079391	2340.5715907834706	2272.1248690657926	1454.1390265236505	1455.509798083526	1248.3932417243154
SN68	AAAGGATGAAAGACCAAAACCAAAGAGACA	2096.1182607968385	2135.856874388415	2147.3918756298663	1197.410880360887	1138.7423701558662	1190.558220725754
SN68	ATACAGCAGAACAAGTTCTAGTAATTAAAT	994.4800476723155	1022.2088171993116	978.0200621680578	438.8509167041058	541.5794128139604	683.734446966148
SN68	GCCCGAACCGTCCACGGTTCCTTGGAGGTA	903.0035649692117	833.8712781158604	870.2961132915761	113.72551228349798	111.45520612269512	127.16289873401657
SN68	GTGGTGTATAAAGAAAGCCGATGTTGCTA	1330.3294198822828	1284.243654184983	1313.9486922170865	717.6943563156699	881.7188972008101	596.8698320942775
SN68	GTTGACGCGTTTATAAACGGAAGACGCAAA	1207.489571680972	1239.2064165780707	1376.3151889350495	756.067719439809	1161.6534393081688	810.2420890519995
SN68	TGGACCTGGAAATGGAACATGAAATCAAA	870.333392575246	861.1665736352011	917.0709858300485	657.3946424451	381.1673546998261	842.2979340240704
SN69	AAGAAGAATGTAAACGAGAAACTCAGGTGT	2296.0597158479086	2255.956174673514	2276.3771302056534	1410.1063795999607	1784.2167972595687	1791.2302657389887
SN69	AATAAATTACAATAAAAAAACATATAAGAA	3751.8425977230195	3279.529756648793	3081.4719060193593	2935.287862214632	2558.6408987823424	3110.1843023130696
SN69	AGTCGAGGTGTTATAAAGCCGTGAACACTC	1165.6717510166957	1235.1121222501695	1199.1376414408362	553.791060645695	423.8086805869083	620.0797123161212
SN69	ATAAATTAAAAAGAACCCAAGAATCATACG	1979.8124470743207	1924.3183341135239	1856.8206977393563	844.4929041488452	1004.5143910729347	1453.3851110239275
SN69	ATAGACTAATAAGTAACAGACCCATATCCA	105.85135855644883	125.55835938896752	127.56783419583364	31.526439481121592	66.58961647988133	32.728345216240214
SN69	CTTAACACATTAAAAAAACAAGGCATTATC	588.0631030913823	554.0944990426175	653.430795158659	178.82976915718402	230.50517812635974	367.46103085251787
SN69	GATATAAAAGAGAAATATTGAAATAGCACG	1657.0311438219396	1550.3727854985555	1516.6398065504666	827.81196271106	676.7178418279944	735.491100373179
SN7	ATAGACAGAAAGACCAAGACAGTAAAGGTA	3216.0517704619824	3330.0260533595733	3380.5476061895915	18515.431121450696	19201.48124441449	19684.59945471611
SN7	TCACAGAAGAACAGTAGTGATTCCCATCAA	1153.910488954868	1255.583593889675	1226.0686286599566	9001.230340894203	8617.454696616474	9648.231676127194
SN70	AATTCCGGGTCATCATAATAGAGCCCTACC	1636.1222334898016	1725.0626768223362	1651.2947426460687	727.6723304551002	1039.5609510790473	1386.057490424976
SN70	AGTACGACAGACTCCCTTACTAACTCCACA	1687.0877024243882	1766.0056201013474	1778.8625768419024	731.8740562649415	911.959664532622	1058.1877559984264
SN70	GACCGTAGTAAAAACCAGGATTACCCAAAG	997.0936614638329	1115.0128219650703	1072.9872276249562	651.5554132147209	1135.423261546277	1293.5887068516945
SN71	CGCAAGGCTGATAGCTTCGAATGGAAGCA	2561.34151568691	2698.1399620868347	2769.6394224295436	539.7733115841688	668.2587247466112	871.7413742014836
SN71	GGAAACCAGTGAGACAACAGTAAAGAGGTA	853.3449029303838	802.4816882686184	812.1818777134741	621.036668146238	247.61933189455354	515.4800589537855
SN71	TCAGCTGACAAAAAAATAGCGAACAATATC	935.6737373631773	907.5685760180804	989.3594252076875	637.5286668816535	468.73189364308297	669.2756917165076
SN73	AGAAAGAACGGCTCGTAGAATAATCAATCA	1894.86999885001	1890.1992147143478	1917.7697740773656	882.5783545836591	975.714209075146	958.8129122254061
SN73	CACAAGATGAATTCTAGAATAATAAGTAAA	1023.2297993790054	936.2286363133882	952.5064953288911	497.16223356402276	879.6329296371448	546.4150701855742
SN73	CGGTGCTGTCAAACCATGGGGTTCGGGCTA	324.0881101481396	360.2979008552981	352.93767460847306	84.89825426480118	94.70984220001121	63.689221842035415
SN73	GGGTGCGAATAGTTAACTACTAAGAGAAGC	3086.6778877818783	3025.6835083189235	3257.2320331336186	2543.0248175519782	1907.8881670147794	2498.4677340590542
SN73	TATTCGTACTCCCTTCCGACAGGGGCCTAC	1637.4290403855603	1696.4026165270284	1751.931589622782	21.107599036161886	31.07054448420908	20.804398579238047
SN73	TTCTCCAATAGCCATATGACAACAAACAAA	791.9249788297283	797.0226291647504	822.1038203731501	476.58547354880443	626.5278487906315	245.11771720171475
SN74	AAAACGACCGGGCCCGAAAACTTGATGTGC	2064.7548952986317	2116.7501675248764	2079.355697392088	1533.5939315058952	1558.0103257699338	1653.6694786143544
SN74	AACGAAAATACCTAACAGACGGAGGCAAGG	2127.4816262950458	2266.8742928812503	2342.9958880634777	2545.5620481266574	2263.413102768995	2571.821991461523
SN74	AAGCTAAACAGATACCTCCCATGCTTGCCT	2343.1047640952193	2284.616234968822	2331.656525023848	3018.431648528857	3371.9262302757215	3495.9580321221983
SN74	AATACATCTAATGGAGATAATAAAGCCGGA	863.7993580964528	876.1789861708385	786.6683108743074	1461.8766800492683	1279.1014804203996	1283.0787350870485
SN74	ACCAGAAAAATAAAATTAATAATACAAAAA	1186.5806613488337	1045.4098183907513	898.6445208906503	1588.6752278824438	1555.8782594755796	1926.704577747098
SN74	CGGAATCCGGCAATCAACCATGTTCCTCTC	896.4695304904185	921.2162237777508	949.6716545689837	1273.590778502056	1213.7680543517865	1752.052815617125
SN74	CTCCACATCGAAAAATTTTGTAACTACGGT	1157.830909642144	1194.1691789711583	1228.903469419864	1701.7979229726668	1891.119753726751	1716.8327707782573
SN74	GCCCAACGTACCACAAGAGTTATGGAAGGA	1076.8088821051092	1030.397405855114	1023.3775143265765	3059.549179473128	3106.985300324875	3290.9230538325755
SN74	TGAGTCCAGATGGTCCGACAACGACCCCGG	4177.861645740332	4256.701336241192	4425.186426215473	7132.002191807325	7329.905623797364	6542.418625401224
SN75	AACGGTGAAAGAGTTATGAAGATAAGGCGA	675.6191651072104	590.9431479937275	633.586909839307	1303.9025863250865	1047.605179584232	966.486312447338
SN77	AACAAACGCACGAAAACCTCCTTTTAAAAT	1263.6822681985927	1402.9781896941154	1345.131940576068	1446.5273347996126	1884.0090245180133	1516.1949094697416
SN77	AAGGGTAAAATTTGCAATAGATTTATCAAC	5228.534389930269	5195.659502106514	4972.310692877604	4782.913562330569	4936.171409371307	5873.401587624781
SN77	AGACGGAATTGACTAAAAACAGTTTTCAAC	768.402454706073	794.2930996128163	727.1366549162517	1408.378903464009	1078.9984151832623	877.7162802169879
SN77	CAAAGACTCTCTTCACTATACCGAGTTTAT	1889.6427712669754	1847.8915066593697	1732.08770430343	1716.985317334577	2743.1625930466867	2679.2409727705685
SN77	GATCCTGGCGTGGATAGGACATCAATGGCA	1095.10417864573	1153.2262356921474	1163.7021319419935	1178.8495091709458	1732.0330341199178	1179.6257808590015
SN77	TTCAATACTAAGAACCCGATTAGAACTACT	3332.3575841845004	3175.807633675298	3006.3486258818125	3850.5802961228796	3386.0324418664754	3248.9262757640017
SN78	AGAAGGAGGCGGGAAGAAAAGCATCAGGGC	1364.306399172007	1437.0973090932912	1421.6726410935682	347.8075259765175	618.18397853597	853.8942523369901
SN78	CCGGGGAAATATAAGTAGAAGAAGTCCGGT	77.10160684975902	58.68488536658264	70.87101899768535	64.15054609029593	39.656433074986445	36.23741700312371
SN79	ATAGGCCCACATAAATTAAAATACATAGAT	1481.9190197902835	1445.2858977490935	1390.4893927345865	897.4508444416197	750.5103849779911	645.3243368664772
SN8	GTAAAAAGGTTATTGACGAGAAAATAGGTG	198.6346481553114	218.36236415472612	209.77821623314864	126.39367061381168	219.18793974227466	342.3371114741923
SN8	TGAAGATCGAGCCATTAGTAGGAAAGTGA	1634.815426594043	1647.2710845922152	1561.997258708985	1503.1291700666607	1603.4982482770456	1772.710643630326
SN80	AACGAAGACTACAAAGAAATACCATGTTAA	969.6507166529017	964.888696608696	970.9329602682893	474.9299755851839	756.2727263140832	678.7251823268867
SN81	AACAGTCTAGACAATAATATTCGATAACAA	2165.379026272046	2081.2662833497334	2046.755028653153	115.73190383723374	93.43060242339875	93.43442494952454
SN82	CAAGTGATAAAAATTTTTTCACTTAAAAAG	1753.7348541080783	1626.7996129527096	1489.7088193313461	886.3122222733467	751.8587728506366	701.8316009727043
SN84	CACACGCACTAATCTCAGTAGGTCGGACGA	1510.6687714969735	1633.6234368325447	1614.4418127672723	1009.3769024168345	1226.3184337817952	1063.5850015477852
SN84	CCGCCGGCAGGACATTCGGCATTACCAATG	385.5080342487951	364.3921951831992	374.19898030777864	368.0243951300792	312.6992149443787	469.3706832381763
SN84	GACGTAACACACAGCGATCACTCGAATATA	395.96248941486414	409.42943279011143	382.7035025875009	78.06932516486646	272.7200907545711	253.92919475993327
SN84	TAAAACGAAATTTACATGATGTCGGAGGAA	158.12363438679392	139.2060071486379	154.49882141495408	105.25907976302554	146.72073509957931	161.69319973271047
SN84	TTCAAGTAAACTAAGAACACAAATCTTCGC	1576.0091162849048	1550.3727854985555	1512.3875454106055	551.1638573556015	621.6990067509862	854.2132588630705
SN85	AAGGGTGCATTTAGAGTCTGGAGATGAAAT	1119.933509665144	1161.4148243479494	1162.2847115620398	587.6567907275847	556.9648641813266	441.56538468117554
SN85	CAAAAAAGAGGTAAAAAGACACAGAGTCAG	541.0180548440718	440.8190226373533	497.5145533637512	258.2666795963457	161.69129789074682	335.47416026446433
SN85	CAAACAGACCCTCCGGCTTGCCCACGAAAT	1928.8469781397343	1761.9113257734464	1839.8116531799117	1181.9355733096515	933.3840496202127	849.5919751339069
SN86	AAAACTTGATGACGTCAAGTAACTAATTCA	254.82734467293238	256.57577788180316	279.2318148508803	145.70181534169038	54.69614396218706	131.48241953310412
SN86	TTTAGCAATAACCCAAATACACGGAGCCAA	1423.1127094811454	1437.0973090932912	1445.7687875527813	623.1960133161779	593.4865835694789	754.0279660778461
SN87	ACAGTGAAATTAAGACGTATAAAACATACA	882.0946546370736	938.9581658653223	1031.8820366062987	652.5811021704424	603.1096936007528	464.0768992648434
SN88	GGCTGTTTGACAGCAGAAGGTTCAAACACG	2194.128777978736	2052.6062230544253	2157.3138182895423	2291.47909979707	2382.3363032632656	2415.9226399862714
SN9	CACAAAGGTGACAGGGATTCCGCCCTATAA	786.6977512466938	816.1293360282889	763.9895847950481	469.4866263026272	384.19834624261057	365.79702383809894
SN9	CTACCGGCTAAAAAATGAGACAGAAACTGT	4427.46176283023	4424.567403685138	4531.492954712002	3144.7533409703374	2491.7170665049675	2200.317337345987
SN90	AATAACAGAAAACGTGCGTAACAAAAGAAG	646.8694134005207	626.4270321688705	557.0462093218068	453.9033519928947	532.3827160415573	261.4129154258175
SN90	ATTAACAGAAAGGCAACCTGGAGTCATTCG	444.31434455793334	462.65525905282595	411.05191018657507	339.61101160228753	130.52855594516026	118.16174161975029
SN90	CAAAAGACACTATCGGCATAGATTACGACT	2950.769970622981	2913.7727966896264	3006.3486258818125	1808.7394925139372	1272.9703492387976	1823.4240594790945
SN90	CAGTATATCAAAAAACAAGGGACTTATGGG	3673.434183977502	3507.445474235288	3475.51477164649	2216.1989288100426	1784.666259883784	3071.6965960313796
SN90	GATAATGAAAGTAACCAACACGAACCTGA	1437.4875853344904	1473.9459580444013	1571.919201368661	957.4266565366986	929.903595453213	490.7786076775663
SN90	TTCAACTGCAAATTAAAAACGTTTATTATC	601.1311720489687	641.439444704508	554.2113685618995	302.90214371331035	182.25133177792375	121.62770441662293
SN90	TTGAATGTAAAGACTTACAGCCAATGTAAG	836.3564132855216	831.1417485639263	883.0528967111595	85.94193776360544	113.93301289721475	114.54058645883858
SN91	AAATTTACAGAAAGGGGTGGCCAGAAGAAA	2137.9360814611146	2083.9958129016673	1961.7098058559307	1116.9122918798382	874.6773160881055	964.1670487847541
SN91	AAGTTCAGAATTCTGGGTTCGAGCGCAATT	1291.125213009524	1316.9980088081918	1281.3480234781512	670.1257816762036	1096.6542290370487	776.2980703174533
SN91	AATCTATGTTCGATTGACGTTGGTCATCCG	608.9720134235205	640.074679928541	619.41270603977	239.975226552647	279.7040484539148	216.55370042052303
SN91	ACGTTTCAAAAGAGATTTCCCAGGAATAGA	815.4475029533836	776.5511575252448	858.9567502519465	3.2750068410754167	8.908579705598523	4.336764395091893
SN91	CTAAATCGTAGCCGTAGCCTCAGCCAGGAC	1964.1307643252171	2003.474691119612	2058.0943916927827	1107.042284998905	1181.372171360276	889.0625663878446
SN91	CTACATGGTAAAACATAATGGATCATGCCT	594.5971375701755	671.4642697757828	613.7430245199552	404.2654048989028	403.04120241163207	201.50866290673505
SN91	GAAAACCTAGAATCCGTAGGAAAGCCAGGA	948.7418063207635	940.3229306412893	922.7406673498633	684.2425007246852	637.4878220118788	491.08899240564443
SN91	GAACTAATGTCTTCCCACCCTTTGACACCC	1671.4060196752846	1681.390203991391	1797.2890417813005	1058.3580486883031	1045.0121259829907	1214.1647036556976
SN91	GAGCATGAAAAACGAAAGATTGTATACGAT	60.11311720489687	72.33253312625303	77.95812089745388	8.619386136676509	33.46767848002343	17.597089722430525
SN91	TAGTTAGCAGTTATCCACACCGGGCATATA	2801.7939845064975	2741.8124349177797	2746.9606963502843	1660.1585502789937	1257.123910564544	1041.056243368113
SN91	TTAGACGAACGGAAAAAAACAATAAATAAG	150.28279301224217	155.58318446024236	141.7420379953707	114.66122852380524	54.10838514590565	51.34280710292688
SN92	AAAATTAGAACATTTAAAGTACGTGAACCG	1202.2623440979373	1089.0822912216966	1048.8910811657431	576.1852695122793	776.2680507503231	718.3682095408678
SN92	AAGCTAAAGATCGAACTAGCTACGCGCACA	120.22623440979373	121.4640650610664	130.40267495574105	3.6708867888977195	3.780095916476476	1.5001928523777126
SN92	AATGAACTAAAACTCATGGATAATATAGAT	1186.5806613488337	1228.2882983703344	1210.477004480466	677.3056043662535	463.3498668351729	712.065675201281
SN92	ATCCAACAAATTTTAGCCTATACGTATGAG	1202.2623440979373	1237.8416518021036	1228.903469419864	519.8713469345568	756.7798123516593	580.5746338701748
SN92	CAACTTGTTGGAATCCAACCGAGAAAAGGG	607.6652065277618	629.1565617208046	625.0823875595848	681.3543765598907	412.62973839488944	317.99777571406423
SN92	CGACGGATATAGACAATGGAAACTTCGGTA	1536.804909412146	1480.7697819242364	1581.841144028337	970.1128094100951	666.6567938551775	955.7263085406289
SN92	CGATACGCCAAGAGCTCGGGACCGAGATGG	516.1887238246579	541.8116160589142	575.472674261205	609.898045977965	396.91007123003	245.79883924388625
SN92	GAAACCAAAATGGTCTATGATAAACCTCCT	3585.878121961674	3634.3685984002227	3469.8450901266747	1915.4381357235893	1298.5781941363912	2126.33368868936
SN92	GCCCTTTTGTACCGAACGATGGGGGATCAG	2056.91405392408	2288.710529296723	2202.6712704480606	1528.3395249257082	2636.4670808676033	882.3892947341644
SN92	GGATGAAACGCAAGACCAACGATGTAGTCG	820.6747305364181	760.1739802136403	830.6083426528724	531.0009718312883	435.5984309605529	323.44675205143614
SN92	GGTGTAGCCAAAGCCTGATGTCACCAATGC	1027.1502200662812	1016.7497580954434	1047.4736607857894	571.5786664830744	841.0482920506715	385.4374796870439
SN92	TAAAAAACTTAAAAATCGACGATAACCAAA	3077.5302395115677	3193.5495757628696	3004.931205501859	1120.151309634748	1209.7344154165219	1157.4677599934225
SN92	TATCGCTGATAAAATGCAGATTTGCCTAGT	1076.8088821051092	1110.918527637169	1094.2485333242619	535.3826430719579	758.7966318192916	327.42140093043685
SN92	TATTACCTAACTTTTCCGTCAACGTAATAG	5336.999362278235	5426.304749244944	5411.711010663254	2235.5700544387114	2633.3899905941303	2070.2747580792457
SN92	TGACACAATAAAGTACACCAATATAATGGA	578.915454821072	592.3079127696946	565.5507316015292	285.9602814008241	198.40893688432624	320.67053309473715
SN92	TGCATCGAAACTTCGAAAGAGGTGCCGAAA	580.2222617168306	545.9059103868153	576.8900946411587	216.9602059497049	255.60593698637732	313.60928053095927
SN92	TGCCAGACCTAAAGGAGTGATTGTTAGCAC	2835.7709637962216	3055.7083333901987	2905.7117789050994	1358.1291419052006	1002.6243431146964	1317.9711516018335
SN94	AAGAAAAAAATAACCATGATCTCGAACTAT	350.2242480633122	388.9579611506059	311.8324835898155	754.4752023769784	504.55060738823204	534.6894249026219
SN94	AAGATTTATCAACGTCAACAAAAACCCAAG	156.8168274910353	137.84124237267085	130.40267495574105	109.03793381042026	166.22049818091529	244.5486785335715
SN94	ACGGCACCGTTAGACCAAGACGAATTGGAC	708.2893375011761	675.5585641036839	656.2656359185663	1038.4380894956082	899.6628281214013	797.5335587967998
SN94	ACTTAAAACAGTAGGGTTCAATGGAACAAA	1377.3744681295934	1445.2858977490935	1339.462259056253	4009.1841988549604	4418.2060713526525	4552.861140218301
SN94	ATAAGAGCCTACAGCGAGGGAATTTAAAAG	1528.9640680375942	1434.367779541357	1455.690730212457	0.2519236031596474	0.4033638935264532	0.30176293007597665
SN94	CGCTAAGGGGAGATCCCTTAACCTTAGGAT	539.7112479483131	498.13914322796893	554.2113685618995	726.6916278570858	1120.4526987551096	591.593291716949
SN94	GAAAAATAGCGCGATTCAATTTTGAAAATT	627.2673099641412	567.742146802288	541.4545851423161	250.88891693238457	274.36812037669347	149.07088745753248
SN94	GAATACGTGGAAACACCGGGAAGAAGCAGG	2028.1643022173898	2122.2092266287445	2206.923531587922	3124.950346307681	2567.111540546398	3322.3667511464923
SN94	GATAAGATCTCGGAACGATGGAAAATACCC	1547.259364578215	1558.5613741543577	1645.625061126254	4229.194479857206	6993.454037865613	5330.13347371
SN94	GATATAAAAATAATAAGAAATTACAAATCC	53.57908272610373	50.49629671078041	42.52261139861121	34.80144632219701	85.81278717708487	158.6755704319507
SN94	TACAGATGGCAGAAACACACGATAAACATC	1821.6888126875267	1768.7351496532815	1858.23811811931	54.01062106312013	60.3432384715574	99.15929882296594
SN94	TGCAGTGATAAATACACCCAATAAGGACTG	394.65568251910554	394.41702025447404	347.2679930886582	404.5443203166867	344.5188638022798	314.32488976513946
SN95	AAACTCAACGCGACAGCCAGTGCGAATCCG	1480.612212894525	1325.186597463994	1549.2404752894017	809.7814305420624	690.8586274667647	1841.426373707627
SN95	ACCCACACATGACCCGCAGGCCGAACAATT	240.45246881958747	200.6204220671546	232.45694231240796	118.36810439886862	66.9123075947025	130.58575254087836
SN95	AGAATAAACTGATGAAATTTATTAGATCCG	695.2212685435899	655.0870924641783	574.0552538812514	305.9522187658504	413.49408959530325	238.31511857800203
SN95	CAAAATAGAAATAAACCTTATAAAACAACA	2625.3750535790828	2579.405426577702	2454.9720980798206	1412.6795992608058	1548.951925189597	1495.61467763856
SN95	GAATTGGAGATGAGCAGAAGAAAATAACTG	2600.545722559669	2520.72054121112	2504.5818113782	1347.6203287448268	1186.4430317360373	1078.6300390615731
SN95	GTTTCCCTAGATTATTCAGAATTGGCCATT	581.5290686125893	569.1069115782549	552.7939481819458	320.9146813392252	189.05089455451252	130.88751547095433
SN95	TTCACACTTTATACACGAAAACCACTCACC	1604.7588679915946	1695.0378517510615	1621.528914667041	620.280897336759	605.4261548178619	569.3490528713485
SN96	AAAAGCTTAGGAAATCCAAAGTAGAAAGAG	875.5606201582805	944.4172249691904	878.8006355712984	293.93186398651864	415.9834210524951	459.64529509172763
SN96	AAAGGATGGACTATGCCTAAGGTTATACA	2805.7144051937735	2679.033255223296	2888.702734345655	1402.7106223929168	1653.9994077465574	1477.6640941980404
SN96	AAATATTTGCCGCCCATCCAGAACCCAGAT	1707.9966127565262	1682.7549687673582	1574.7540421285685	1109.939406435241	864.6854162113217	870.9309251892795
SN96	AACGAAACCACTAGGCCCCTCTCCGTACAG	1359.0791715889727	1476.6754875963354	1396.1590742544015	1228.1365626748227	966.8056293695474	911.0136641013714
SN96	ATGCTCCAAGTGATAAAAACAACGGAGAAA	3221.278998045017	3360.050878430848	3252.979771993758	1863.5958571019505	2172.1145666399507	1985.2379643838353
SN96	CCTATAAGCGCAATCTTTGGACCTATAAGA	5471.600472541373	5515.014459682801	5501.008494600337	5978.0031466337705	5135.686715792163	4861.943976798121
SN96	GGAAATAACCAGGAAGCCATATGATACGTT	973.5711373401775	936.2286363133882	968.098119508382	219.60540378288124	213.81743761703675	346.57903609126026
SN96	TCACTAATGATAACAAAAACTTCGACCAAG	380.2808066657606	352.10931219949583	395.4602860070843	118.2961262265373	179.17424150445052	167.47842619216703
SN96	TGACCAAACAATAGAAATGGATCGTGCGAA	1531.5776818291115	1587.2214344496654	1615.859233147226	975.4841805203205	989.6475504258168	1402.9044837212177
SN97	AAGAATAAGAGAAAACAGACTGTTGATTAC	1334.2498405695587	1315.6332440322249	1343.7145201961143	714.7792403362511	859.6030311528883	607.698810385004
SN97	AATCATCATAACATAGACTAAAGGAAATAC	3489.1744116755353	3511.539768563189	3656.944580280564	1961.1892615116894	1625.0148308260138	1866.472696903933
SN97	ACCTGAGCAAGGAGCCGCAACTTGGGCCCG	1603.452061095836	1566.7499628101598	1620.1114942870872	69.31497995506871	78.4946136802478	141.44059622561136
SN97	ATTAAAAAAACATAATAAAAAAATTTACTA	1339.4770681525931	1214.640650610664	1031.8820366062987	645.0593831618187	810.3465374119723	665.456235201546
SN97	ATTCTAAAATAAAATAATAGCTCATATGGA	2746.908094884635	2718.6114337263402	2379.8488179422743	2872.6128686571283	2343.6364188500706	2992.8847404935364
SN97	CAGAAGAATCACTCGGAAAAAATGGCAAAC	1062.4340062517642	1045.4098183907513	1105.5878963638916	552.1175681389916	639.6659870369217	489.65777393728405
SN97	CCAAAACAACATATCGAACGCATTACCAAT	4925.355190114267	4652.4831212716335	4722.8447060057515	36.78984333284994	61.20758967197123	47.55783777997392
SN97	CCGATTAGTAGTTAAAAAAAACATAGAGCC	1853.0521781857337	1789.206621292787	1655.5470037859297	1168.9075241176813	1115.3472643313319	1213.8198317356107
SN97	CTAATGGTCTAAGTCAGCTGGAACTCACGT	1826.9160402705613	1954.3431591847987	1879.4994238186155	889.2453327958483	931.1367364991368	955.4590328025616
SN97	GAAATGACACGTAAATCCCTAAGTACTCCG	1234.932516491903	1332.0104213438292	1323.8706348767623	643.2689261250769	636.1163847738889	1127.3690631678444
SN97	GACAAAATTCGACCTGACCAGACATTCACG	2646.283963911221	2758.1896122293842	2633.567065953988	1742.078707663586	1620.716124189289	1363.4683796592885
SN97	TCATGAAGAGAAAACGCATAATAAAACTAA	3389.85708759788	3523.8226515468928	3381.965026569545	2284.3082743785617	2433.3675981356982	1892.320847314441
SN97	TTAGTGACCGATGCATTCAGTACCAGAGGA	1547.259364578215	1499.876488787775	1502.4656027509295	1125.972544322044	1216.0845155688955	1114.52258414461
SN97	TTTTAGCTCTCAAAAAACCCCAAATTATTA	1130.387964831213	1072.705113910092	1133.9363039629657	678.223326063478	435.3103138937483	441.1256729830649
SN99	ACAGTTAAATACCTTAAACAGTAATGATCG	2452.876543338944	2386.97359316635	2453.5546776998667	1310.8394826835183	1895.8333489396744	1364.7875147536208
SN99	AGCTTAAGAGAACGCAAAGTATAATACAAC	1446.6352336048008	1524.4422547551817	1611.606972007365	874.3458511232635	847.5597377604556	986.1267682962831
